"sito associazione",telefono,tipo
http://agiresociale.it/,0532.205688,0
http://agiresociale.it/,0532.242528,0
http://agiresociale.it/,0532.320387,0
http://agiresociale.it/,0532.852011,0
http://agiresociale.it/,320.0587700,1
http://agiresociale.it/,347.5240113,1
http://allattandoafaenza.blogspot.it/,0546601988,0
http://allattandoafaenza.blogspot.it/,0546602055,0
http://amazzonia90sviluppo.org/,059310606,0
http://amazzonia90sviluppo.org/,0593161542,0
http://ambiente.regione.emilia-romagna.it,800.625.903,3
http://amicibicife.blogspot.it/,3493140168,1
http://ancescaocoordirav.racine.ra.it,3355872456,1
http://aprimondo.centropoggeschi.org/,3207514063,0
http://aprimondo.centropoggeschi.org/,3396574312,0
http://ass-equilibrio.it/,051.4390864,0
http://ass-equilibrio.it/,051.6154698,0
http://assisla.it/,347.32.95.380,0
http://assisla.it/,348.26.16.144,0
http://associazionealtadefinizione.it/,051237709,0
http://associazionealtadefinizione.it/,3703010584,1
http://avis-salabaganza.org,0521834640,0
http://aviscervia.altervista.org/,0544421180,0
http://aviscervia.altervista.org/,0545214398,0
http://aviscervia.altervista.org/,054534157,0
http://aviscervia.altervista.org/,0546601142,0
http://aviscervia.altervista.org/,3400883167,1
http://aviscervia.altervista.org/,800331144,3
http://cavecchia.org,0620523806,0
http://codacons.emiliaromagna.it/,051312611,0
http://codacons.emiliaromagna.it/,800050800,3
http://cooperativaquintoangolo.jimdo.com/,02891481208,0
http://COORDINSIEME.WORDPRESS.COM,0524525919,0
http://cultura.regione.emilia-romagna.it,800.625.903,0
http://equosolidale.it,01874590381,0
http://equosolidale.it,3452578758,1
http://equosolidale.it/,3452578758,1
http://ferrara4x4.it,0532.732370,0
http://ferrara4x4.it,339.2642359,1
http://fondazionecetacea.org,0541.691557,0
http://fondazionecetacea.org,0541691557,0
http://fondazionecetacea.org,334.5688320,1
http://fondazionecetacea.org,339.6848787,1
http://gattidelparco.wordpress.com,3385308084,1
http://gevforli.it,3201720310,1
http://ibc.regione.emilia-romagna.it,051232599,0
http://ibc.regione.emilia-romagna.it,800.625.903,0
http://iboitalia.org,0532.243279,0
http://il-cortile.agiresociale.it,377.4823580,1
http://il-cortile.agiresociale.it,3774823580,1
http://ilbaobab.com/,03555570377,0
http://ilbaobab.com/,051.401337,0
http://ilbaobab.com/,051401337,0
http://irregolarmente.agiresociale.it,331-5209271,1
http://irregolarmente.agiresociale.it,333-7044143,1
http://lechiavidicasa.org/,051600.43.87,0
http://letrea2011.blogspot.it/,3339894343,1
http://letrea2011.blogspot.it/,3388018159,1
http://muoversionlus.wordpress.com,(347.4519327,1
http://neidanitalia.wordpress.com/,051.239578,0
http://neidanitalia.wordpress.com/,347.8701436,1
http://noiperloro.it,0521.942013,0
http://nuke.anffas-er.org/,051.244595,0
http://nuke.anffas-er.org/,051.249572,0
http://nuke.fidas-advs-bologna.org,0516350330,0
http://parkmo.blogspot.it,059233580,0
http://parkmo.blogspot.it,3200772580,1
http://perdiqua.blogspot.it/,3663704586,1
http://perdiqua.blogspot.it/,3890674316,1
http://protezionecivile.regione.emilia-romagna.it,051558545,0
http://protezionecivile.regione.emilia-romagna.it,800.625.903,0
http://psm.bologna.it/,051.219.5252,0
http://ravennaparkinson.racine.ra.it/,0544285759,0
http://riunite.eu,03126691207,0
http://riunite.eu,051-6353605,0
http://rivista.ibc.regione.emilia-romagna.it,051232599,0
http://rivista.ibc.regione.emilia-romagna.it,800.625.903,0
http://salute.regione.emilia-romagna.it,800.625.903,3
http://sayes.volabo.it,051340328,0
http://scuola.regione.emilia-romagna.it,800.625.903,0
http://sindromediangelman.org/,0422.319571,0
http://sindromediangelman.org/,0422.411132,0
http://sociale.regione.emilia-romagna.it,800.625.903,3
http://stelladanzante.org,347-2242549,1
http://teatrodellargine.org/,02522171202,0
http://toninobello.racine.ra.it/,0310121642,0
http://toninobello.racine.ra.it/,0546665890,0
http://vag61.noblogs.org/,3275782056,1
http://vag61.noblogs.org/,3284182111,1
http://vag61.noblogs.org/,3337272514,1
http://vag61.noblogs.org/,3357277140,1
http://VARASSOCIAZIONE.IT,3385957104,1
http://web.tiscali.it/agostiniani/,051531171,0
http://wwf.it,800330055,3
http://www.3ionlus.org/,051246382,0
http://www.aaeweb.net,3463197367,1
http://WWW.ABCPIACENZA.ORG,0523384197,0
http://www.acabas.altervista.org/,051555346,0
http://www.acabas.altervista.org/,3341248301,1
http://www.acabas.altervista.org/,3356041668,1
http://www.acabas.altervista.org/,3385313376,1
http://www.acatbolognaalcool.it/,0514211378,0
http://www.acatbolognaalcool.it/,3491744897,1
http://www.acatsassuolo.org,0536811888,0
http://www.accademiascienze.ferrara.it,0532.205209,0
http://www.accademiascienze.ferrara.it,0532205209,0
http://www.accoglienza-ugozzolo.com,0521221133,0
http://www.accoglienza-ugozzolo.com,0521771734,0
http://www.accoglienza-ugozzolo.com,06230127050,0
http://www.accoglienza-ugozzolo.com,377.7801163,1
http://www.acliemiliaromagna.it/,051254612,0
http://www.aclimodena.it,059360829,0
http://www.acquadela.it/,051435610,0
http://www.acquadela.it/,0516141266,0
http://www.admoemiliaromagna.it,0594224413,0
http://www.adottando.it/,0513399199,0
http://www.adottando.it/,3335059067,1
http://www.aeca.it,051355174,0
http://www.aeca.it,051372143,0
http://www.aeroclubcarpi.it,059660080,0
http://www.aeroclubsassuolo.it,0536806651,0
http://www.afifamiglia.it,0454850842,0
http://www.africalibera.com,33070000284,1
http://www.africalibera.com,3335955695,1
http://www.africanelcuore.it,3356000524,1
http://www.afrikatwende.it,348-5844814,1
http://www.agd-bo.net/it/,051.956818,0
http://www.agd-bo.net/it/,329.2942245,1
http://www.agd-bo.net/it/,333.2213932,1
http://www.agd-bo.net/it/,340.7267581,1
http://www.agefidenza.it,052483333,0
http://www.agefidenza.it,338-3382886,1
http://www.agefidenza.it,338.3382886,1
http://www.ageop.org,00390513096,0
http://www.ageop.org,00390513996,0
http://www.ageop.org,051307305,0
http://www.ageop.org,051399621,0
http://www.ageop.org,0514292418,0
http://www.ageop.org,0516494734,0
http://www.agimi.org,02008798610,0
http://www.aiabologna.it/,051.534863,0
http://www.aiabologna.it/,051.535153,0
http://www.aias.parma.it,0521-282701,0
http://www.aiasbo.it/,02376540379,0
http://www.aiasbo.it/,"051 450729",0
http://www.aiasbo.it/,"051 454727",0
http://www.aiasbo.it/,"051 466105",0
http://www.aiasbo.it/,051450729,0
http://www.aiasbo.it/,051454727,0
http://www.aiasbo.it/,051466105,0
http://www.aiaspiacenza.it,0523609514,0
http://www.aiasport.it/,335-6583608,0
http://www.aibat.it,0521282456,0
http://www.aibat.it,3409493214,1
http://www.aibat.it,3485630006,1
http://www.aicat.net,089405484,0
http://www.aiccon.it,0543374676,0
http://www.aice-epilessia.it,051514032,0
http://www.aicemiliaromagna.it,059454462,0
http://www.aicqer.it,0510544854,0
http://www.aicqer.it,3355745309,1
http://www.aicsbologna.it/,051503498,0
http://www.aicser.altervista.org,051400337,0
http://www.aicsmodena.it,0592153787,0
http://www.aicsmodena.it,059217497,0
http://www.aicsmodena.it,059220855,0
http://www.aidalabs.com,3338954485,1
http://www.aidalabs.com,389.0596888,1
http://www.aiditalia.org,04344650371,0
http://www.aiditalia.org,051199800,0
http://www.aiditalia.org,051242919,0
http://www.aiditalia.org,0516393194,0
http://www.aidoroccabianca.it,06230658800,0
http://www.aifo.it/,051434046,0
http://www.aifo.it/,0514393211,0
http://www.aifo.it/,800550303,0
http://www.aiher.it,0547335935,0
http://www.aiher.it,3887960621,1
http://www.aikidocarpi.org,059688998,0
http://www.aikidocarpi.org,3292115053,1
http://www.aikidoclub.it,393-4599095,1
http://www.ail-ferrara.it/,0532236012,0
http://www.ail-ferrara.it/,0532236986,0
http://www.ail-ferrara.it/,3472969487,1
http://www.ailbologna.it,051397483,0
http://www.ailmodena.org,0594222356,0
http://www.ailmodena.org,059450021,0
http://www.ailmodena.org,3281741345,1
http://www.ailravenna.it,0544280105,0
http://www.ailravenna.it,0544408913,0
http://www.aimareggioemilia.it,0522335033,0
http://www.aina.sitiwebs.com,3398673214,1
http://www.aipaf.org,0543917434,0
http://www.aislamodena.it,0592033840,0
http://www.aism.it/rimini,0541-690940,0
http://www.aism.it/rimini,335-7642764,1
http://www.aispaitalia.it/,3331661295,1
http://www.aispaitalia.it/,3385884997,1
http://www.aispaitalia.it/,3471719895,1
http://www.aiutiamoli.eu,0410000857,0
http://www.aiutiamoli.eu,0627023801,0
http://www.aiutiamoliavivere.it,0744-220079,0
http://www.aiutiamoliavivere.it,0744.220079,0
http://www.aiutiamoliavivere.it,0744.279560,0
http://www.al3teste.com/,339.2801026,0
http://www.alberoazzurroonlus.org,0522.242063,0
http://www.alberoazzurroonlus.org,0522.242631,0
http://www.alcolistianonimi-emiliaromagna.it/,051.224703,0
http://www.aldiladelmuro-mo.org,0598754059,0
http://www.aldiladelmuro-mo.org,3928885291,1
http://www.aliantecoopsociale.it,059.8831511,0
http://www.aliantecoopsociale.it,059.8831550,0
http://www.alicebologna.it,3483197872,0
http://www.alicecarpionlus.org,059651894,0
http://www.alicecarpionlus.org,3272036045,1
http://www.aliceferrara.org,0532239070,0
http://www.alicemodenaonlus.org,059260486,0
http://www.alicemodenaonlus.org,3345869960,1
http://www.alicemodenaonlus.org,3471546412,1
http://www.aliceparma.org,0521-270101,0
http://www.aliceravenna.org,3388917912,1
http://www.aliceravenna.org,3890977365,1
http://www.alisei.com/,051.550824,0
http://www.alisei.com/,051.550826,0
http://www.alisei.com/,051.6494555,0
http://www.alisoccorso.it/,0543764260,0
http://www.altercoop.it/,02469810374,0
http://www.altercoop.it/,051532272,0
http://www.altercoop.it/,051538750,0
http://www.altercoop.it/,3288174307,0
http://www.altercoop.it/,3318545681,0
http://www.altercoop.it/,3335853794,0
http://www.altercoop.it/,335354991,0
http://www.altercoop.it/,335415547,0
http://www.altercoop.it/,335495605,0
http://www.altercoop.it/,3355254330,0
http://www.altercoop.it/,3355445558,0
http://www.altercoop.it/,3356200909,0
http://www.altercoop.it/,3356688343,0
http://www.altercoop.it/,3357551621,0
http://www.altercoop.it/,3453013522,0
http://www.altercoop.it/,3473389711,0
http://www.altercoop.it/,3484936260,0
http://www.altercoop.it/,3929806556,0
http://www.altferrara.it,0532-470852,0
http://www.alzheimerimola.it/,(0542-604253,0
http://www.alzheimerimola.it/,(393-0295946,1
http://www.alzheimerimola.it/,0542-604253,0
http://www.alzheimerrimini.net,054128142,0
http://www.alzheimerrimini.net,3357360352,1
http://www.alzheimerrimini.net,338.2332900,1
http://www.alzheimerrimini.net,3387405332,1
http://www.alzheimerrimini.net,3388482458,1
http://www.alzheimerrimini.net,3493701459,1
http://www.amaamarcordsanpietro.it/,3332225965,1
http://www.amache-bahia.it,06506556565,0
http://www.amaci.it,051308862,0
http://www.amaci.it,0516363657,0
http://www.amaferrara.it,0532792097,0
http://www.amaferrara.it,0532799552,0
http://WWW.AMAHORO.PC.IT,0523781941,0
http://www.ambologna.it/,3381852679,1
http://www.amicaassistenza.com,0536-942052,0
http://www.amicaassistenza.com,380-7548015,1
http://www.amicambo.org/,00390514365,0
http://www.amicibambinipadrejohn.org/,3207519279,1
http://www.amicicani.com,05211854185,0
http://www.amicicani.com,05211854595,0
http://www.amicicani.com,3454190523,1
http://www.amicicani.com,3454190524,1
http://www.amicidelcanefiorenzuola.it,0523-248200,0
http://www.amicidelcanefiorenzuola.it,334-8042058,1
http://www.amicidelfontanone.it,0546699511,0
http://www.amicidelfontanone.it,0546699540,0
http://www.amicidelfontanone.it,3337665200,1
http://www.amicidelmozambico.it,0544-582472,0
http://www.amicidelmozambico.it,0544-582839,0
http://www.amicidelperu.com,0141538240,0
http://www.amicidelperu.com,0141538325,0
http://www.amicidelperu.com,059686678,0
http://www.amicidelperu.com,3381421127,1
http://www.amicidelperu.com,3401038852,1
http://www.amicidelperu.com,3402482552,1
http://www.amicidibologna.it,051226427,0
http://www.amicidicasainsieme.it,0547691695,0
http://www.amicidigiana.org,0512194833,0
http://www.amicidigigi.it,0541810140,0
http://www.amicidigigi.it,0541812258,0
http://www.amicidiluca.it,0131051-6494,0
http://www.amicidiluca.it,051-6494570,0
http://www.amicidiluca.it,800998067,3
http://www.amiciditamaraedavide.it/,329.7709673,1
http://www.amiciditamaraedavide.it/,339-3237499,1
http://www.amicihospiceforli.it,0543377011,0
http://www.amicipadrepinionlus.org,059-784526,0
http://www.amicipadrepinionlus.org,059-7861647,0
http://www.amiciperlavita.it,059572594,0
http://www.amicipiccolefiglie.it,0521901250,0
http://www.amicipiccolefiglie.it,0521901252,0
http://www.amiciteatrimodenesi.it,059211155,0
http://www.ammi-italia.it/,0516478288,0
http://www.ammi-italia.it/,3474963020,1
http://www.ammi-italia.it/,3490854951,1
http://www.ammi-italia.it/,3668158175,1
http://www.ammpforlung.it,0543.735225,0
http://www.amnestybologna.it/,3384475947,1
http://www.amonovecomuni.it,0220001032,0
http://www.amonovecomuni.it,0535.602841,0
http://www.amurt.it,037.542777,0
http://www.amurt.it,338.2706837,1
http://www.anaparma.it,0521-285490,0
http://www.anaste-er.com,051.6487524,0
http://www.anaste-er.com,051.6487673,0
http://www.anatroccolorosa.it,3494579812,1
http://www.ancoraservizi.it,0516336168,0
http://www.ancoraservizi.it,0516370201,0
http://WWW.ANCVALCONCA.IT,3454758295,1
http://WWW.ANCVALCONCA.IT,3454758416,1
http://www.andosfidenza.it,0521822424,0
http://www.andosfidenza.it,3472979171,1
http://www.andreaeicorsaridellamaratona.com,0220009608,0
http://www.andreaeicorsaridellamaratona.com,0515612602,0
http://www.anedbo.it/,051220488,0
http://www.anedbo.it/,3311097077,1
http://www.anesernovi.it,059676545,0
http://www.anffas.net,063212383,0
http://www.anffasmodena.it,059.216.977,0
http://www.anffasmodena.it,059.230.062,0
http://www.anffasmodena.it,059.450.022,0
http://www.anffasmodena.it,059.454.335,0
http://www.angsaparma.net,06230659500,0
http://www.aniepnazionale.it/,051237752,0
http://www.animaleamico.com,03970440096,0
http://www.animalfreedom.it,345.6414351,1
http://www.animalrescueteam.it,0544.582489,0
http://www.animalrescueteam.it,339.5605175,1
http://www.animosa.it,3200427527,1
http://www.animosa.it,3313793401,1
http://www.anipi-emiliaromagna.it,331-6363231,1
http://www.anipi-emiliaromagna.it,340-6658671,1
http://www.anmb.net,02093050363,0
http://www.anmil.it/,051521104,0
http://www.anpana.it,062311036,0
http://www.anpasemiliaromagna.org/,0516347184,0
http://www.anpasemiliaromagna.org/,0516350118,0
http://www.anpaspiacenza.it,0523-610883,0
http://www.anpaspiacenza.it,0523-614422,0
http://www.ant.it,051377586,0
http://www.ant.it,0517190111,0
http://www.antalpallavicini.org,0516418880,0
http://www.antalpallavicini.org,0516418884,0
http://www.antoniano.it,051341844,0
http://www.antoniano.it,0513940202,0
http://www.antoniano.it,0513940205,0
http://www.antoniano.it,0513940206,0
http://www.antoniano.it,0513940211,0
http://www.antoniano.it,0513940212,0
http://www.antoniano.it,0513940216,0
http://www.antoniano.it,0513940220,0
http://www.antoniano.it,0513940237,0
http://www.antoniano.it,0513940238,0
http://www.antoniano.it,0513940239,0
http://www.antoniano.it,0513940247,0
http://www.antr.it/,0771510822,0
http://www.antr.it/,3383657585,1
http://www.antr.it/,3386363954,1
http://www.antr.it/,3394264651,1
http://www.anvvfc.it,3398208326,1
http://www.aosp.bo.it,02553300373,0
http://www.aovam.it,0541846119,0
http://www.aovam.it,0541926307,0
http://www.apacgattile.it,06230114190,0
http://www.apco.altervista.org,0541944754,0
http://www.apco.altervista.org,0541946087,0
http://www.apco.altervista.org,3383344923,1
http://www.apco.altervista.org,3392655801,1
http://www.apdic.it/,3458491152,1
http://www.apeiron-aid.org,3403192188,1
http://www.apeonlus.net,051-6177443,0
http://www.apeonlus.net,051-6199256,0
http://www.apg23.org,0461557299,0
http://www.apg23.org,0462601031,0
http://www.apg23.org,0462601320,0
http://www.apg23.org,0541372154,0
http://www.apg23.org,0541708575,0
http://www.apg23.org,0541753000,0
http://www.apg23.org,0541788286,0
http://www.apg23.org,0541909600,0
http://www.apg23.org,0541909637,0
http://www.apg23.org,0541909700,0
http://www.apg23.org,0541909701,0
http://www.apg23.org,0541954133,0
http://www.apg23.org,0541972466,0
http://www.apg23.org,0541972477,0
http://www.apg23.org,0543404693,0
http://www.apg23.org,0543415911,0
http://www.apg23.org,3468535195,1
http://www.apg23.org,800629639,3
http://www.apleucemielinfomi.it,0523-320462,0
http://www.apnu.it,3403709215,1
http://www.apomodena.it,3469403663,1
http://www.architettidistrada.it/,0514124176,0
http://www.archivioleonardi.it,059820010,0
http://www.arcibologna.it,01903161204,0
http://www.arcibologna.it,051.521905,0
http://www.arcibologna.it,051.521939,0
http://www.arcibologna.it,051.6491408,0
http://www.arcibologna.it,051.825127,0
http://www.arcibologna.it,051521905,0
http://www.arcibologna.it,051521939,0
http://www.arcibologna.it,0516347197,0
http://www.arciferrara.org,0532249921,0
http://www.arciforli.org/arcisolidale,0543123456,0
http://www.arciforli.org/arcisolidale,0543409483,0
http://www.arcigaymodena.org,059.8750811,0
http://www.arcigaymodena.org,3348926465,1
http://www.arcigaymodena.org,3429372647,1
http://www.arcigaymodena.org,3458755395,1
http://www.arcigaymodena.org,3467504103,1
http://www.arcigaymodena.org,3487669298,1
http://www.arcigaymodena.org,3493292443,1
http://www.arcimodena.org,0592924711,0
http://www.arcimodena.org,0592924770,0
http://www.arcimodena.org,059925379,0
http://www.arcimodena.org,059928153,0
http://www.arcisolidarieta.it,0522392137,0
http://www.arcisolidarieta.it,0522553432,0
http://www.arcisolidarieta.it,07058128000,0
http://www.arcobalenoweb.org,0541.778424,0
http://www.arcobalenoweb.org,0541.791159,0
http://www.arcoiriscoop.it/,02508331200,0
http://www.arcoiriscoop.it/,051-903429,0
http://www.arcoiriscoop.it/,051-903439,0
http://www.arimodena.it,0595967707,0
http://www.arimodena.it,0595967727,0
http://www.armoniapiacenza.it,0523-385866,0
http://www.armonieinteriori.com,3479763068,1
http://www.armonieinteriori.com,3489903005,1
http://www.arop.it,0541705778,0
http://www.artcurepalliative.com,0523076167,0
http://www.artcurepalliative.com,0523917686,0
http://www.arteesalute.org/,051224420,0
http://www.arteesalute.org/,0512919120,0
http://www.arteportici.it,0514070270,0
http://www.as2000.it,051467068,0
http://www.as2000.it,051774853,0
http://www.as2000.it,3386427023,1
http://www.as2000.it,3663130773,1
http://www.as2000.it,3803774897,1
http://www.ascbologna.it/,338-9174706,1
http://www.ascozola.net,3290444298,1
http://www.ascozola.net,3485143201,1
http://www.asdlupi.it,3333095804,1
http://www.asiamodena.it,(059454367,0
http://www.asiamodena.it,059454367,0
http://www.asilorosati.weebly.com,0521.255140,0
http://www.asitoi.it/,3460866660,1
http://www.asopen.it,0516360670,0
http://www.aspati.org,0524515239,0
http://www.aspati.org,0524515405,0
http://www.aspbologna.it/,0512966211,0
http://www.asphi.it,051224116,0
http://www.asphi.it,051277811,0
http://www.asphi.it/,02411471200,0
http://www.asphi.it/,051277811,0
http://www.aspirides.it/,051-6210000,0
http://www.aspirides.it/,051-6210008,0
http://www.ass-coop.it,03557730375,0
http://www.ass-coop.it,051226838,0
http://www.ass-coop.it,051231995,0
http://www.asscarossa.altervista.org,348-5921475,1
http://www.assclama.org,0544436202,0
http://www.assclama.org,0544453095,0
http://www.assclama.org,0544482999,0
http://www.assclama.org,333-1528647,1
http://www.assclama.org,3483550012,1
http://www.assclama.org,349-6123736,1
http://www.assclama.org,3494753673,1
http://www.assclama.org,800099577,3
http://www.assdiabre.it,0522432276,0
http://www.assemblea.emr.it,051.5275226,0
http://www.assiemi.it,3396244266,1
http://www.assiprov.it,0547612612,0
http://www.assistenzaanzianibologna.com/,051530757,0
http://www.assistenzaanzianibologna.net/,0519913095,0
http://www.assistenzaanzianibologna.net/,3488886036,1
http://www.assoamici.it/,3343989974,1
http://www.assochernobyl.it,320-0539716,1
http://www.associazione-amar.org,0543.705338,0
http://www.associazione-amar.org,3480935818,1
http://www.associazione-nonsoloscuola.it,059826242,0
http://www.associazioneacodaalta.it,3311326850,1
http://www.associazioneamicidimariarosa.org/,0510420246,0
http://www.associazioneamicidimariarosa.org/,0516199937,0
http://www.associazioneamicidimariarosa.org/,3338767910,1
http://www.associazioneamicidimariarosa.org/,3397607564,1
http://www.associazioneamicidimariarosa.org/,3478820459,1
http://www.associazioneaquila.it/,379-3091283,1
http://www.associazionearcus.it,0598751011,0
http://www.associazionearianne.it/,02008024320,0
http://www.associazionearianne.it/,3484502578,1
http://www.associazioneassofa.org,0523.388003,0
http://www.associazionebriciole.it,0522.046995,0
http://www.associazionebubulina.org,0312723800,0
http://www.associazionecomunicattive.org,0514070575,0
http://www.associazionecomunicattive.org,0516493772,0
http://www.associazionecomunicattive.org,3923457410,1
http://www.associazionecucciolo.it,051344157,0
http://www.associazionediversamente.org,051.307.049,0
http://www.associazionediversamente.org,348.3253366,1
http://www.associazionediversamente.org,3497061984,1
http://www.associazioneforum.com/,0516948204,0
http://www.associazioneforum.com/,051948390,0
http://www.associazionegiulia.com,348.4713293,1
http://www.associazionegiulia.com,3484713293,1
http://www.associazioneilpuntorosa.it,3273280074,1
http://www.associazioneilpuntorosa.it,3394040696,1
http://www.associazioneincontro.org,3483945227,1
http://www.associazioneiocisono.it/,051.473441,0
http://www.associazioneiocisono.it/,335.7965534,1
http://www.associazioneiocisono.it/,339.4986690,1
http://www.associazioneiocisono.it/,346.3151948,1
http://www.associazionelatex.com,3385940747,1
http://www.associazioneletizia.com,0544.421069,0
http://www.associazioneletizia.com,392.0774603,1
http://www.associazionelospecchio.org,0532-760868,0
http://www.associazionelospecchio.org,0532-975828,0
http://www.associazionelospecchio.org,0532.760868,0
http://www.associazionelospecchio.org,07072130010,0
http://www.associazionelospecchio.org,328-9050216,1
http://www.associazionemalationcologici.org,059659965,0
http://www.associazionemalationcologici.org,3355480177,1
http://www.associazionemargherita.org/,0517165730,0
http://www.associazionenoe.org,059355386,0
http://www.associazionenoe.org,3288389794,1
http://www.associazionenova.org/,041-5461864,0
http://www.associazionenovart.com,051.6234120,0
http://www.associazionenovart.com,333.3928876,1
http://www.associazionenovart.com,339.5267404,1
http://www.associazionepazientitiroidei.it,059-657001,0
http://www.associazionepazientitiroidei.it,059-657044,0
http://www.associazionepazientitiroidei.it,331-4328447,1
http://www.associazionepiccolomondo.org,3900000000,1
http://www.associazionernesto.it,0542610128,0
http://www.associazionernesto.it,0667792167,0
http://www.associazionernesto.it,800.002.393,3
http://www.associazionescilla.it,0536961521,0
http://www.associazionescilla.it,0536961621,0
http://www.associazionescilla.it,0536970576,0
http://www.associazionescilla.it,3393959487,1
http://www.associazionesegno.com,0541980162,0
http://www.associazionesegno.com,3477897827,1
http://www.associazionesegno.com,3479819105,1
http://www.associazionesegno.com,3491879652,1
http://www.associazionesegno.com,3939234302,1
http://www.associazionestarbene.org,0536846400,0
http://www.associazionetraumiparma.it,0521.637146,0
http://www.associazioneverbamanent.it,051.520045,0
http://www.associazioneverbamanent.it,051346464,0
http://www.associazioneverbamanent.it,3468776675,1
http://www.associazioneverbamanent.it,3662978934,1
http://www.associazionevittoriotison.org,0543739041,0
http://www.associazionevittoriotison.org,0543739249,0
http://www.associazioni.carpidiem.it/csvcarpi/avo.html,059.659432,0
http://www.associazioni.carpidiem.it/csvcarpi/avo.html,059.682809,0
http://www.assocuore.net,0547611169,0
http://www.assonanza.it,347-9001198,0
http://www.assopacepalestina.org,3397125676,1
http://www.asssde.com,0536-812984,0
http://www.astrocavezzo.it,335-6291384,1
http://www.astrofiliimolesi.it,3343156302,1
http://www.asvm.it,059212003,0
http://www.asvm.it,059238017,0
http://www.atcomonline.it,0516429301,0
http://www.atcomonline.it,3334723916,1
http://www.ater.emr.it,059340221,0
http://www.ater.emr.it,059342802,0
http://www.atleticamds.it,0536071784,0
http://www.atleticamds.it,3391909915,1
http://www.aua.it,049661788,0
http://www.aua.it,0498363373,0
http://www.auseremiliaromagna.it,800995988,3
http://www.auseremiliaromagna.it/sedi/Faenza,800995988,3
http://www.auseremiliaromagna.it/sedi/Ferrara,800995988,3
http://www.auseremiliaromagna.it/sedi/Parma,800995988,3
http://www.auserforli.it,0543404912,0
http://www.auserforli.it,3371079291,1
http://www.auserforli.it,800995988,3
http://www.ausermodena.it,0592138855,0
http://www.ausermodena.it,059237824,0
http://www.auserpiacenza.it,0523.306134,0
http://www.auserpiacenza.it,0523.320761,0
http://www.ausilioteca.org/,051-6597711,0
http://www.ausilioteca.org/,051-6597737,0
http://www.ausl.bologna.it,02406911202,0
http://www.ausl.bologna.it,051.6225111,0
http://www.ausl.bologna.it,0516225111,0
http://www.autautreggioemilia.it,0522458811,0
http://www.avapmaranello.org,0536943043,0
http://www.avapmaranello.org,0536945920,0
http://www.avapmontefiorino.org,0536965148,0
http://www.avapmontefiorino.org,0536965969,0
http://www.avapserramazzoni.it,05034670300,0
http://www.avapserramazzoni.it,06230670300,0
http://www.avdreggioemilia.it,0522-339029,0
http://www.avdreggioemilia.it,329-6458501,1
http://www.avfiorano.it,0536838245,0
http://www.avfiorano.it,0536910386,0
http://www.avis.re.it,0522295452,0
http://www.avis.re.it,0522451075,0
http://www.avisalseno.it,0523949443,0
http://www.aviscalerno.it,3402352960,1
http://www.aviscalerno.it,3454997140,1
http://www.aviscarpi.it,059650303,0
http://www.aviscarpi.it,3351420417,1
http://www.aviscasalgrande.wordpress.com,0522996100,0
http://www.aviscasalgrande.wordpress.com,3317546088,1
http://www.aviscesena.it,0547369342,0
http://www.aviscesena.it,0547613193,0
http://www.aviscodigoro.org,0533714083,0
http://www.aviscodigoro.org,3206657021,1
http://www.aviscollecchio.it,0521805528,0
http://www.aviscomunalerimini.it,0541-389090,0
http://WWW.AVISFIDENZA.IT,0524522579,0
http://www.avisformigine.it,059557480,0
http://www.avisformigine.it,059572718,0
http://www.avisgossolengo.it,0523779016,0
http://www.avislugo.it,0544421180,0
http://www.avislugo.it,800331144,3
http://www.avismedesano.it,0525421454,0
http://www.avismontecchioemilia.it,0522862437,0
http://www.avismonticellidongina.org,0523-490876,0
http://www.avismonticellidongina.org,0523-827235,0
http://www.avismonticellidongina.org,0523-827364,0
http://www.avismonticellidongina.org,320-2955094,1
http://www.avispodenzano.it,0523556121,0
http://www.avisportomaggiore.it,0532.811708,0
http://www.avisportomaggiore.it,0532811708,0
http://WWW.AVISSANSECONDO.IT,0521872372,0
http://WWW.AVISSANSECONDO.IT,0521981385,0
http://www.avissassuolo.it,0536812674,0
http://www.avissassuolo.it,0536812682,0
http://www.avissassuolo.it,3346554573,1
http://www.avissorbolo.it,0521694057,0
http://www.avissorbolo.it,0521698928,0
http://www.avisvignola.it,059763211,0
http://www.avocesena.it,348.4669589,1
http://WWW.AVOFO.IT,0547612612,0
http://www.avomodena.it,059436097,0
http://www.avopiacenza.it,0523302672,0
http://www.avoprorit.org,0521293285,0
http://www.avoprorit.org,0521948542,0
http://www.avpcdeltapo.org,333-8453190,1
http://www.axa-affidi.it,052462324,0
http://www.babel-onlus.org,059982353,0
http://www.babel-onlus.org,3385495232,1
http://www.babysittertatameri.com,3274550170,1
http://www.balorda.biz,059688155,0
http://www.balorda.biz,3398715293,1
http://www.balorda.biz,3477090053,1
http://www.bancaiuti.it,3333045052,1
http://www.bancatempomodena.it,059367.320,0
http://www.bancoalimentare.it/index.php,3402411074,1
http://www.bancoartigiano.com/,051236688,0
http://www.bancobologna.org/,3883029922,1
http://www.bancocesena.org,334.3795214,1
http://www.bandadimodena.it,059826762,0
http://www.bandadimodena.it,3392048292,1
http://www.bandieragialla.it,051400024,0
http://www.basescoutvalcinghiana.org,3356925498,1
http://www.battitodalia.it,3294746031,1
http://www.baubauadottami.it,320.4355755,1
http://www.bdsrimini.org,3405863952,1
http://www.beataverginedellegrazie.it/,04036430371,0
http://www.benesseresenzafrontiere.it,3341311387,1
http://www.benesseresenzafrontiere.it,3479671772,1
http://www.berrasoccorso.org,3484665721,1
http://www.berrasoccorso.org,3484991978,1
http://www.berrasoccorso.org,3486273799,1
http://www.betelbo.it/,3288524043,1
http://www.betelbo.it/,3924523988,1
http://www.biblios.it,051391564,0
http://www.bibliotecasalaborsa.it,0512194400,0
http://www.biricca.it,0521-1681678,0
http://www.biricca.it,0521-958073,0
http://www.biricca.it,05211681678,0
http://www.biricca.it,0521958073,0
http://WWW.BISERICAEMANUELFORLI.ORG,3203073279,1
http://www.bnbo.it,051774797,0
http://www.bnbo.it,3387512138,1
http://www.bnbo.it,3451349792,1
http://www.bo.arci.it/,0641609275,0
http://www.bo.cnr.it/,0516398111,0
http://www.bolognautostoriche.it/home.asp,0513513771,0
http://www.bolognautostoriche.it/home.asp,3209384295,1
http://www.bolognautostoriche.it/home.asp,3209569653,1
http://www.bolognawelcome.com,0512193776,0
http://www.bolognawelcome.com,051231454,0
http://www.bolognawelcome.com,051239660,0
http://www.bolognawelcome.com,0516472113,0
http://www.bolognawelcome.com,0516472201,0
http://www.bolognawelcome.com,0516472253,0
http://www.bolognawelcome.com,0516472358,0
http://www.bolognawelcome.com,0516583111,0
http://www.bolognawelcome.com,0516583118,0
http://www.bonsaicastelfrancoemilia.com,059546986,0
http://www.bonsaicastelfrancoemilia.com,3453464363,1
http://www.bottegadellebriciole.org,333-1007281,1
http://www.bottegadellebriciole.org,338-9523014,1
http://www.budoshin.it,059.687647,0
http://www.buonanascitaonlus.org,059-659355,0
http://www.buonanascitaonlus.org,392-4429223,1
http://www.burattodanza.com/,3497675179,1
http://www.cadiai.it/,0517419001,0
http://www.cadiai.it/,0517457288,0
http://www.cadibalia.it,3425612927,1
http://www.cadibalia.it,3496115570,1
http://www.caefisi.org/,0515286245,0
http://www.caefisi.org/,051552644,0
http://www.cafedelapaixbologna.it,051-2750233,0
http://www.cai.mo.it,059826914,0
http://www.cai.mo.it,059826978,0
http://www.caibo.it/,051234856,0
http://www.caibo.it/,0627002413,0
http://www.caiforli.it,3387601333,1
http://www.caipiacenza.it,01920202021,0
http://www.caipiacenza.it,06190719081,0
http://www.caleidos.bo.it/,3315966674,1
http://www.caleidos.bo.it/,3479336636,1
http://www.camarta.it,0536.812.923,0
http://www.campa.it/,051.230967,0
http://www.campa.it/,051.269967,0
http://www.canigattienoi.cittametropolitana.bo.it/,0516598028,0
http://www.canigattienoi.cittametropolitana.bo.it/,0516598111,0
http://www.canigattienoi.cittametropolitana.bo.it/,0516598377,0
http://www.canigattienoi.cittametropolitana.bo.it/,0516598620,0
http://www.canilericcione.it,0541645454,0
http://www.canoaclubbologna.it/,051575354,0
http://www.cantieridarte.it,059535977,0
http://www.caregiverfamiliare.it,059.645421,0
http://www.caritas.rimini.it,0541.1835165,0
http://www.caritasriccione.it,0541643213,0
http://www.casacomunesardegna.com,3200453593,1
http://www.casacomunesardegna.com,3295883026,1
http://www.casacomunesardegna.com,3803542759,1
http://www.casadelleculturedimodena.org,059346213,0
http://www.casadelleculturedimodena.org,3312851884,1
http://www.casadelosninos.it,00390536983,0
http://www.casadiriposoislandresidence.it/,051931174,0
http://www.casadiriposovillaberti.com,059530302,0
http://www.casadiriposovillaberti.com,059530640,0
http://www.casadonne.it,051-333173,0
http://www.casadonne.it,051-6440163,0
http://www.casafamigliaoasi.it,3336922061,1
http://www.casafamigliaoasi.it,3393520201,1
http://www.casagianni.net/Casa_Gianni/Prima_Pagina.html,051453100,0
http://www.casagianni.net/Casa_Gianni/Prima_Pagina.html,051453895,0
http://www.casalgrandeviva.it,3479002047,1
http://www.casediriposofrancescane.it/,0513399020,0
http://www.casinadeibimbi.org,08623662800,0
http://www.cassero.it/,051555661,0
http://www.cassero.it/,0516495015,0
http://www.castiglionemurri.com/,051442246,0
http://www.cavazza.it/,051332090,0
http://www.cavazza.it/,051332609,0
http://www.cddferrara.it,0532067173,0
http://www.cdila.it,051964054,0
http://www.cdkl5.org,06385367501,0
http://www.cdkl5.org,3207272003,1
http://www.cefaonlus.it,01029970371,0
http://www.cefaonlus.it,051520285,0
http://www.cefaonlus.it,051520712,0
http://www.cemi.bologna.it/,051524978,0
http://www.cemi.bologna.it/,3389638689,1
http://www.centotrecento.it/,338.9393394,0
http://www.centro21rimini.org,3464901945,1
http://www.centroannalenatonelli.it/,051-4982387,0
http://www.centroannalenatonelli.it/,051-6252302,0
http://www.centroannalenatonelli.it/,340-5030758,1
http://www.centroantartide.it/,02551580372,0
http://www.centroantartide.it/,051-260921,0
http://www.centroantartide.it/,051-260922,0
http://www.centroantimobbing.org,0594391828,0
http://www.centroantimobbing.org,3428821123,1
http://www.centroassistenza.info,0536.883.444,0
http://www.centroassistenza.info,059.238.268,0
http://www.centroassistenza.info,059.765.569,0
http://www.centroassistenza.info,348.8008050,1
http://www.centrocabral.com/,051581464,0
http://www.centrocabral.com/,0516448034,0
http://www.centroculturaleanzolese.it/,051732734,0
http://www.centroeuropauno.it,0516257007,0
http://www.centroeuropauno.it,0516258352,0
http://www.centroeuropauno.it,0516259268,0
http://www.centrofaunaselvatica.it,3393535192,1
http://www.centrofaunaselvatica.it,3398183676,1
http://www.centroferrari.it,059334.537,0
http://www.centroferrari.it,059827.941,0
http://www.centrofondopiana-amorotti.it,3404999949,1
http://www.centrogpdore.it,051.239.702,0
http://www.centroimmersioni.it/,3357790291,1
http://www.centroimmersioni.it/,3472685127,1
http://www.centroimmersioni.it/,3896396197,1
http://www.centromelograno.it/,051.6241125,0
http://www.centromissionarioriccione.it,0541606008,0
http://www.centrorenzi.net,0541600959,0
http://www.centrorenzi.net,0541603036,0
http://www.centrosandomenico.it,051581718,0
http://www.centrosoccorsoanimalidiarceto.it,0522-980505,0
http://www.centrosocialezolino.it,0542626666,0
http://www.centrostudidonati.org/csd.html,3347057941,1
http://www.centrotutelafauna.org,051-847600,0
http://www.ceps.it/,051322041,0
http://www.ceresonlus.it,0541-709709,0
http://www.cerpc.it,3758449910,1
http://WWW.CERVIAUXILIA.ORG,347.3543428,1
http://WWW.CERVIAUXILIA.ORG,3473543428,1
http://www.cesena.sanvincenzoitalia.it,0547300741,0
http://www.cesena.sanvincenzoitalia.it,0547301545,0
http://www.ceunmondo.it,051271020,0
http://www.championscamp.it,0595961673,0
http://www.championscamp.it,3342005249,1
http://www.championscamp.it,3664851031,1
http://www.chirurgoebambino.org,0532236580,0
http://www.chirurgoebambino.org,0532237848,0
http://www.ciacciopalaganese.it,333.4231151,1
http://www.ciddo.it,0541411254,0
http://www.cimcoop.it/,051-402357,0
http://www.cimcoop.it/,051-6416920,0
http://www.cimcoop.it/,334.1412852,0
http://www.cimcoop.it/,334.1413792,0
http://www.cimcoop.it/,334.5209298,0
http://www.cinetecadibologna.it/,0512194810,0
http://www.cinetecadibologna.it/,0512194820,0
http://www.cinetecadibologna.it/,0512194821,0
http://www.cinetecadibologna.it/,0512194826,0
http://www.cinetecadibologna.it/,0512194833,0
http://www.cinetecadibologna.it/,0512194843,0
http://www.cinetecadibologna.it/,0512194847,0
http://www.cinetecadibologna.it/,0512194848,0
http://www.cinetecadibologna.it/,0512195306,0
http://www.cinetecadibologna.it/,0512195311,0
http://www.cinetecadibologna.it/,0516018606,0
http://www.cinetecadibologna.it/,0516018628,0
http://www.cinetecadibologna.it/,3358300839,1
http://www.cinoservizio.com,3485148178,1
http://www.ciofsbo.org,051.361654,0
http://www.ciofsbo.org,051.372123,0
http://www.circolocinofilobolognese.it/,0514170068,0
http://www.circolocinofilobolognese.it/,0516389037,0
http://www.circoloculturaleartemisia.it,333-9679480,1
http://www.circoloculturaleartemisia.it,333.9679480,1
http://www.circolodellamusica.it/,335-5359064,1
http://www.circolodozza.it,3405679198,1
http://www.circolofattoria.it/,051505117,0
http://www.circolofattoria.it/,0516333781,0
http://www.circolotennisbologna.com/,039)0513334,0
http://www.circolotennisbologna.com/,039)0513394,0
http://www.circomassimo.org,0532241419,0
http://www.circomassimo.org,0532249921,0
http://www.circuitocinema.mo.it,059236288,0
http://www.circuitocinema.mo.it,059236291,0
http://www.circuitocinema.mo.it,059306354,0
http://www.cisniar.it,059744103,0
http://www.cittadinanzattiva-er.it,0511998560,0
http://www.cittadinidelmondo.org,0532764334,0
http://www.cittaescuola.it,3290823313,1
http://www.cittaescuola.it,3332685064,1
http://www.cittaescuola.it,3398022696,1
http://www.cittaescuola.it,3398026962,1
http://www.cittaescuola.it,3480429788,1
http://www.cittametropolitana.bo.it,0516598111,0
http://www.cittametropolitana.bo.it,800239754,3
http://www.civibox.it,059.2034844,0
http://www.civibox.it,334.2617216,1
http://www.club64.it,3394513422,1
http://www.clubsupermarathon.it,02008024020,0
http://www.comitatoantidrogacervia.com,3385455338,1
http://www.comitatodiamicizia.org,0546620713,0
http://www.comitatodiamicizia.org,0546620955,0
http://www.comitatodiamicizia.org,3355852330,1
http://www.compagniadeglianimali.org,338-5684670,1
http://www.compagniadeglianimali.org,339-8721333,1
http://WWW.COMUNE.CAORSO.PC.IT,0523814711,0
http://WWW.COMUNE.CAORSO.PC.IT,0523814727,0
http://WWW.COMUNE.CAORSO.PC.IT,0523814728,0
http://WWW.COMUNE.CAORSO.PC.IT,0523814729,0
http://WWW.COMUNE.CAORSO.PC.IT,0523814732,0
http://WWW.COMUNE.CAORSO.PC.IT,0523814733,0
http://WWW.COMUNE.CAORSO.PC.IT,0523814736,0
http://WWW.COMUNE.CAORSO.PC.IT,0523814737,0
http://WWW.COMUNE.CAORSO.PC.IT,0523821109,0
http://WWW.COMUNE.CAORSO.PC.IT,0523821181,0
http://WWW.COMUNE.CAORSO.PC.IT,0523821284,0
http://WWW.COMUNE.CAORSO.PC.IT,0523821578,0
http://WWW.COMUNE.CAORSO.PC.IT,0523822414,0
http://www.comune.castenaso.bo.it,06385024371,0
http://www.comune.ferrara.it/aido,0532242528,0
http://www.comune.ferrara.it/aido,3282850302,1
http://www.comune.ferrara.it/aido,3662725716,1
http://www.comune.monzuno.bologna.it,0516770144,0
http://www.comune.monzuno.bologna.it,0516773311,0
http://www.comune.rimini.it,0541704000,0
http://www.comune.rimini.it,0541704111,0
http://www.comunicamente.it,051330931,0
http://www.comunita-angolo.it,059460724,0
http://www.comunitabetania.com,0521481771,0
http://www.comunitabetania.com,0521481895,0
http://www.comunitaladimora.it,0524201013,0
http://www.comunitaleradici.it,0541985702,0
http://www.comunitamammadellapace.org,0594736448,0
http://www.comunitamammadellapace.org,3203177777,1
http://www.comunitasociale.it,051-6353605,0
http://www.conacuore.it,0592923049,0
http://www.conacuore.it,059342459,0
http://www.confabitare.com,051.227573,0
http://www.confabitare.com,051.238645,0
http://www.confabitare.com,051.270444,0
http://www.conservatorioferrara.it/,0532207412,0
http://www.conservatorioferrara.it/,0532247521,0
http://www.consorziosic.it/,04226100370,0
http://WWW.CONSULTASOLIDARIETARICCIONE.IT,0541-709888,0
http://www.consumatori-emiliaromagna.it/,051331087,0
http://www.consumatori-emiliaromagna.it/,0513391897,0
http://www.consumatori-emiliaromagna.it/,0521385461,0
http://www.consumatori-emiliaromagna.it/,0532761535,0
http://www.consumatori-emiliaromagna.it/,0546687686,0
http://www.consumatori-emiliaromagna.it/,059239582,0
http://www.consumatori-emiliaromagna.it/,349.2267488,1
http://www.coopabantu.it/,051840166,0
http://www.coopavalon.it,0521233232,0
http://www.coopavalon.it,0521294904,0
http://www.coopavalon.it,0521798519,0
http://www.coopavalon.it,0521942808,0
http://www.coopavalon.it,0521960306,0
http://www.coopavalon.it,3343634694,1
http://www.coopavalon.it,3458613696,1
http://www.coopavalon.it,800912035,3
http://www.coopaxia.it/index.php,04211390374,0
http://www.coopcroceazzurra.it,0514187542,0
http://www.coopcroceazzurra.it,0514189182,0
http://www.coopeide.org,05211912623,0
http://www.coopeide.org,0521236628,0
http://www.cooperativasammartini.it/,03904280371,0
http://www.cooperativasammartini.it/,051987474,0
http://www.cooperativasocialeilgermoglio.it,0523607557,0
http://www.cooperativasocialeilgermoglio.it,0523610248,0
http://www.coopilpellicano.org/,051344180,0
http://www.cooplastrada.it/siamo.html,051372223,0
http://www.coopoasis.com/,051.242731,0
http://www.coopoltremare.it,059217335,0
http://www.coopselios.com,0187.708815,0
http://www.coopselios.com,0187.715615,0
http://www.coopselios.com,0522.323658,0
http://www.coopselios.com,0522.378610,0
http://www.coopselios.com,0522323658,0
http://www.coopselios.com,0522378610,0
http://www.coopselios.com,0523.593129,0
http://www.coopselios.com,0523.593193,0
http://www.coopsollievo.it/,0514123145,0
http://www.coordinamentodonnerimini.it,0541704486,0
http://www.coordinamentodonnerimini.it,0541704545,0
http://www.coorprociv.it,0541-718100,0
http://www.coorprociv.it,0541-753108,0
http://www.coorprociv.it,0541-753378,0
http://www.copaps.it/,3291726145,0
http://www.copernico.bo.it,0514200411,0
http://www.copernico.bo.it,0516332100,0
http://www.copresc.mo.it,059.2032595,0
http://www.copresc.mo.it,059.2032814,0
http://www.coraliunite.it,059-761217,0
http://www.coraliunite.it,059-792504,0
http://www.coraliunite.it,059-792733,0
http://www.coraliunite.it,059-989223,0
http://www.coraliunite.it,059.989.223,0
http://www.coraliunite.it,178-2277904,7
http://www.coroluigigazzotti.it,3403874467,1
http://www.corosantospirito.it/,3409732184,0
http://www.corpoguardiezoofilelugo.org,3335609553,1
http://www.correggioinsieme.it,331-1056568,1
http://www.correggioinsieme.it,333-3256352,1
http://www.cosmohelp.it,0546.622661,0
http://www.cosmohelp.it,0546.625995,0
http://www.cpgmodena.it,0592133851,0
http://www.cpvpc.it/,059200230,0
http://www.cpvpc.it/,059200231,0
http://www.cpvpc.it/,059200242,0
http://www.cribo.it,051581858,0
http://www.cribo.it,051581928,0
http://www.crimodena.it,059.222209,0
http://www.crimodena.it,059.246736,0
http://www.crimodena.it,3392812241,1
http://www.croceazzurraferriere.it,0523.922434,0
http://www.croceazzurrapoviglio.it,0522-960251,0
http://www.croceazzurrapoviglio.it,0522-969748,0
http://www.crocebiancapc.org,0523613976,0
http://www.crocebiancapc.org,0523698294,0
http://www.croceblu.info,0541333222,0
http://www.croceblucastelfranco.org,059547870,0
http://www.croceblucastelfranco.org,059924545,0
http://www.croceverdealtoappennino.re.it,0522.891.101,0
http://www.croceverdeer.com,02138111204,0
http://www.croceverdeer.com,0515879118,0
http://www.croceverdemeldolapredappio.it,338.7821589,1
http://www.cruisinweb.com,059.220609,0
http://www.cruisinweb.com,059.225940,0
http://www.csapsa.it/1/,051230449,0
http://www.csapsa.it/1/,051231440,0
http://www.csenemiliaromagna.it,0511889973,0
http://www.csibologna.it/,051405318,0
http://www.csibologna.it/,051406578,0
http://www.csicasalecchio.it/,051570124,0
http://www.csicasalecchio.it/,0517160303,0
http://www.csimodena.it,059391665,0
http://www.csimodena.it,059395357,0
http://www.culturaevita.unimore.it,059-390249,0
http://www.culturaevita.unimore.it,059-8672137,0
http://www.culturaevita.unimore.it,059.8672137,0
http://www.cupsit.it,051262008,0
http://www.cupsit.it,0517160314,0
http://www.cupsit.it,0541309043,0
http://www.curareildolore.it,0592025050,0
http://www.curareildolore.it,0592025805,0
http://www.curareildolore.it,848800640,5
http://www.cvpuntamarina.com/,0544437153,0
http://www.cvsbo.it/,051-504304,0
http://www.cvsbo.it/,051-517.119,0
http://www.cvsbo.it/,3341211384,1
http://www.daicrocicchi.coop/,02124041209,0
http://www.daicrocicchi.coop/,0516414627,0
http://www.daicrocicchi.coop/,3409632246,0
http://www.dalfiloinpoi.it,3317303116,1
http://www.dallapartedeibambini.org,3202173369,1
http://www.dammi5.it/,051313505,0
http://www.dammilamano.org,3284631178,1
http://www.dammilamano.org,3293964750,1
http://www.dammilamano.org,3331087450,1
http://www.dammilamano.org,3479692830,1
http://www.danzaensemble.it,051.6750544,0
http://www.danzaurbana.it,0513370264,0
http://www.danzaurbana.it,0516440879,0
http://www.darvoce.org,0522.302.110,0
http://www.darvoce.org,0522.791.979,0
http://www.dedalusbologna.it/,051-0286049,0
http://www.dedalusbologna.it/,331-1008242,0
http://www.democraziadalbasso.it,059216514,0
http://www.democraziadalbasso.it,059315331,0
http://www.democraziadalbasso.it,3470693092,1
http://www.derbycampidacalcetto.it,0516053317,0
http://www.diabeteforum.org,0574-633541,0
http://www.diabeteforum.org,3936928420,1
http://www.diabeteravenna.it,0544-286323,0
http://www.diabeticipiacentini.org,3203719333,1
http://www.diapason.bo.it,051803661,0
http://www.dis-abile.unipr.it,0521-1680290,0
http://www.dis-abile.unipr.it,800608000,3
http://www.disabilitaacquisita.it,0523609514,0
http://www.divefun.it/,1782.204577,0
http://www.divefun.it/,333.6215482,0
http://www.divefun.it/,338.2789561,0
http://www.diversamenteagibile.it/,334.3469900,1
http://www.dlfbo.it/,051-356041,0
http://www.dlfbo.it/,051-357613,0
http://www.dlfbo.it/,051-371905,0
http://www.dlfbo.it/,051-4193180,0
http://www.dlfbo.it/,051-4193227,0
http://www.dlfbo.it/,051-4193228,0
http://www.dlfbo.it/,051-4193231,0
http://www.dlfbo.it/,051-6312303,0
http://www.dlfbo.it/,051-6312545,0
http://www.dlfbo.it/,338-4117999,1
http://www.domusassistenza.it,059829050,0
http://www.domusassistenza.it,059829200,0
http://www.donnegiustiziamodena.it,059361861,0
http://www.dopodinoi.org/,02718421205,0
http://www.dopodinoi.org/,0515873837,0
http://www.dopodinoi.org/,0515873839,0
http://www.dryart.com,0721403886,0
http://www.eaglesassuolo.it,3480815802,1
http://www.eaglesassuolo.it,3487810541,1
http://www.eburt.it,0514156055,0
http://www.eburt.it,0514156056,0
http://www.ecotronic.it,02406491205,0
http://www.ecotronic.it,051-6053674,0
http://www.ecotronic.it,051-6064838,0
http://www.edera.org,3348475257,1
http://www.educarecrescere.it,03050331200,0
http://www.educazionepermanente.it,3311022834,1
http://www.ekidna.org,338.2374212,1
http://www.ekidna.org,349.5753400,1
http://www.eksetra.net,333.6723848,1
http://www.elfoavventure.it,3355881505,1
http://www.ematbo.unibo.it,0516363680,0
http://www.ematbo.unibo.it,0516364037,0
http://www.emi.it,01164630376,0
http://www.emi.it,051326027,0
http://www.emi.it,051327552,0
http://www.emiliaromagnateatro.com/,0592136011,0
http://www.emiliaromagnateatro.com/,0592138252,0
http://www.emporioparma.org,0521.228330,0
http://www.enaiprimini.org,0541367100,0
http://www.enaiprimini.org,0541784001,0
http://www.enaiprimini.org,0722320498,0
http://www.endoassoc.it,0331-589800,0
http://www.enpabologna.org/,051246646,0
http://www.enpabologna.org/,3423388098,1
http://www.equilibri-libri.it,059365327,0
http://www.equosolidale.it,3452578758,1
http://www.er-comunitaefamiglia.org,340.2542556,1
http://www.er-comunitaefamiglia.org,3472237427,1
http://www.eremodironzano.it,051581443,0
http://www.eremodironzano.it,0800128493,0
http://www.erfestival.org,0542.612972,0
http://www.esperoassociazione.it,0541783980,0
http://www.esperoassociazione.it,3294114606,1
http://www.esperoassociazione.it,3396203178,1
http://www.esserdanzabologna.it/scuola-di-danza,328.163.8799,1
http://www.essereanimali.org,3420509174,1
http://www.estensedog.it,3475999578,1
http://www.eurekacoop.it/,345-3682846,1
http://www.exaequo.bo.it,051233588,0
http://www.faeto1000.it,3388922605,1
http://www.faeto1000.it,3393700227,1
http://www.famiglienumerose.org,0302294025,0
http://www.famiglienumerose.org,0302294033,0
http://www.famiglienumerose.org,0303229066,0
http://www.famiglienumerose.org,0498014122,0
http://www.famiglienumerose.org,3332697841,1
http://www.famiglienumerose.org,3391226525,1
http://www.famiglienumerose.org,3473007342,1
http://www.famiglienumerose.org,3495088516,1
http://www.farelavoro.it/,03000139630,0
http://www.farelavoro.it/,0514847526,0
http://www.farelavoro.it/,07072367400,0
http://www.farelavoro.it/,3383321805,1
http://www.faremondi.it/,02375741200,0
http://www.faremondi.it/,0514171750,0
http://www.faremondi.it/,0516389164,0
http://www.farmacistivolontari.re.it,0522-511880,0
http://www.farmacistivolontari.re.it,06155128000,0
http://www.fattoriabilita.it,03047390368,0
http://www.fazzclub.org,059.358241,0
http://www.fazzclub.org,328.0922045,1
http://www.federamrare.altervista.org/,07000064060,0
http://www.federamrare.altervista.org/,3381621980,1
http://www.federbio.it/,051-4228880,0
http://www.federbio.it/,051.4228880,0
http://www.federconsumatori-modena.it,0536240000,0
http://www.federconsumatori-modena.it,0536240147,0
http://www.federconsumatori-modena.it,0536942263,0
http://www.federconsumatori-modena.it,800631316,3
http://www.federconsumatoribologna.it,0516087122,0
http://www.federgev-emiliaromagna.it/,0516347464,0
http://www.federgev.it,0516347464,0
http://www.federgev.it,335404283,1
http://www.federgolf.it,0698379227,0
http://www.federgolf.it,0761600960,0
http://www.ferraramusica.it/,01109860385,0
http://www.ferraramusica.it/,0532202400,0
http://www.ferraramusica.it/,0532202675,0
http://www.ferraramusica.it/,0532206007,0
http://www.ferraramusica.it/,0532241097,0
http://www.fibrosicisticaemilia.it,0521.775896,0
http://www.fibrosicisticaemilia.it,333.2997634,1
http://www.fibrosicisticaemilia.it,348.1554061,1
http://www.fibrosicisticaemilia.it,392.6704837,1
http://www.fidasravenna.it,0544403462,0
http://www.fidasravenna.it,0544404410,0
http://www.fijlkamemiliaromagna.it/,0516154989,0
http://www.filodarianna.net,0516701240,0
http://www.fismravenna.it,0544216378,0
http://www.fismravenna.it,0544246973,0
http://www.fismravenna.it,0544255121,0
http://www.fitelemiliaromagna.it/,0514187479,0
http://www.fitelemiliaromagna.it/,3355979645,1
http://www.fitelemiliaromagna.it/,3381201734,1
http://www.fitelemiliaromagna.it/,3475428432,1
http://www.flashmusica.it,051204607,0
http://www.flashmusica.it,051204671,0
http://www.flashmusica.it,051204723,0
http://www.flautomagico.it,3282751113,1
http://www.flautomagico.it,3333459471,1
http://www.flautomagico.it,3382104518,1
http://www.flautomagico.it,3383383025,1
http://www.focusd.org/,3334751641,1
http://www.focusd.org/,3339877173,1
http://www.fondazionecgandreoli.it,0535417924,0
http://www.fondazionedelmonte.it/,0512962511,0
http://www.fondazionedelmonte.it/,0512962515,0
http://www.fondazioneforensebolognese.it,0513391800,0
http://www.fondazioneforensebolognese.it,0516446147,0
http://www.fondazionegolinelli.it/,0039.051.0251,0
http://www.fondazionegolinelli.it/,0039.051.3899,0
http://www.fondazionegolinelli.it/,0039.051.6341,0
http://www.fondazionegolinelli.it/,0039.051.6354,0
http://www.fondazionegolinelli.it/,051.0251008,0
http://www.fondazionegolinelli.it/,051.1993611,0
http://www.fondazionegualandi.it/,0516446656,0
http://www.fondazioneidea.org/,0516440931,0
http://www.fondazioneidea.org/,800-538-438,3
http://www.fondazioneisal.it,0541725164,0
http://www.fondazioneisal.it,0541725166,0
http://www.fondazioneveranilucca.it,0523.241182,0
http://www.fondazioneveranilucca.it,0523.944029,0
http://www.fondazioneveranilucca.it,0523.981524,0
http://www.forithanga.org/,3394142315,1
http://www.forma-azioneinrete.it/,3421065297,1
http://www.forumsolidarieta.it,0521.228330,0
http://www.forumsolidarieta.it,0521.287154,0
http://www.fossolese1945.it,0596340020,0
http://www.fossolese1945.it,3358381133,1
http://www.fossolese1945.it,3668741276,1
http://www.fossolo.it/,051.4596139,0
http://www.fossolo.it/,051.493434,0
http://www.fossolo.it/,329.5476402,1
http://www.fossolo.it/,331.4920436,1
http://www.fossolo.it/,338.3400868,1
http://www.fossolo.it/,3383400868,1
http://www.fossolo.it/,392.6141441,1
http://www.frassinoro.net,0536.971811,0
http://www.fratellidizampa.it/,0100011085,0
http://www.fratellidizampa.it/,333-3568312,1
http://www.frignaut.it,3318197525,1
http://www.fusorari.it,0594270436,0
http://www.gaf.agiresociale.it,3468584336,1
http://www.gafal.it,349.5928342,1
http://www.gafal.it,3495928342,1
http://www.galileimirandola.it,01000046004,0
http://www.galileimirandola.it,06385668507,0
http://www.gattilecalderara.com/,3384950723,1
http://www.gattiledicarpi.it,059695318,0
http://www.gattiledicarpi.it,320.4620803,1
http://www.gattiledicarpi.it,339.3851247,1
http://www.gattiledicarpi.it,360.425403,1
http://www.gcsmodena.it,3358249393,1
http://www.geesinkdue.it,360217459,1
http://www.gelmodena.org,0535.611692,0
http://www.gelmodena.org,334.8174204,1
http://www.gelmodena.org,3381786646,1
http://www.genitori-ragazzi-down.it,051.220271,0
http://www.genitori-ragazzi-down.it,051.4845171,0
http://www.gesuredentore.it,0592928147,0
http://www.gev-vigolzone.it,0523-870888,0
http://www.gevbologna.org,0516132805,0
http://www.gevbologna.org,051635075,0
http://www.gevbologna.org,051825210,0
http://www.gevbologna.org,3402365467,1
http://www.gevbologna.org,3481407758,1
http://www.gevcesena.it,0547368634,0
http://www.gevcesena.it,3463802258,1
http://www.gevcesena.it,3463802325,1
http://www.gevcesena.it,3463802414,1
http://www.gevcesena.it,3463802473,1
http://www.gevferrara.it,0532.796459,0
http://www.gevferrara.it,3459525242,1
http://www.gevferrara.it,3459525713,1
http://www.gevferrara.it,3459525884,1
http://www.gevferrara.it,3459526031,1
http://www.ghepardcalcio.it/,051432389,0
http://www.ghepardcalcio.it/,3479663431,1
http://www.giaccheverdi.it,3343650272,1
http://www.giaccheverdi.it,3396780644,1
http://www.giaccheverdi.it,345-7124101,1
http://www.giaccheverdi.it,3472322808,1
http://www.giaccheverdi.it,3483030306,1
http://www.giaccheverdi.it,368436328,1
http://www.gimbeducation.it,0513372195,0
http://www.gimbeducation.it,0515883920,0
http://WWW.GIOCAMICO.IT,0521983700,0
http://WWW.GIOCAMICO.IT,0521983766,0
http://www.giollicoop.it,0521686385,0
http://www.giovanisorrisi.org,02008128120,0
http://www.giovanisorrisi.org,0522871521,0
http://www.giovanisorrisi.org,3333362689,1
http://www.giovanisorrisi.org,3487129254,1
http://www.girorotondo.it/,051385490,0
http://www.girorotondo.it/,0516256657,0
http://www.girorotondo.it/,3299377807,1
http://www.giubbeverdi.it,0547-1950260,0
http://www.giubbeverdi.it,3398097151,1
http://www.gliamicidelcuore.mo.it,0592923049,0
http://www.gliamicidelcuore.mo.it,059344981,0
http://www.globalaid.it,0515873822,0
http://www.goingtoeurope.org,0592034847,0
http://www.goingtoeurope.org,0592034853,0
http://www.gpvecchi.org,059283918,0
http://www.gpvecchi.org,3355323021,1
http://www.grade.it,0522.296623,0
http://www.grade.it,0522.296888,0
http://www.grade.it,0522296694,0
http://www.grade.it,0522296888,0
http://www.grandezzemeraviglie.it,(0039)0592143,0
http://www.gravita-zero.org,0553033711,0
http://www.gravita-zero.org,055308910,0
http://www.gravita-zero.org,3934064107,1
http://www.grgonlus.org,05034668100,0
http://www.gris-imola.it/,3289028910,1
http://www.gris-imola.it/,3314752968,1
http://www.gris-imola.it/,3336676718,1
http://www.gris-imola.it/,3336678395,1
http://www.gris-imola.it/,3385802666,1
http://www.gris-imola.it/,3388385999,1
http://www.gris-imola.it/,3471118092,1
http://www.gris-imola.it/,3663023328,1
http://www.gris-imola.it/,800228866,3
http://www.grupponidiinfanzia.it,051521268,0
http://www.grupponidiinfanzia.it,3318074786,1
http://www.grupponm.org,059345830,0
http://www.grupponm.org,059351109,0
http://www.grupponm.org,059357553,0
http://www.gruppozoofilocarpigiano.com,059687069,0
http://www.gspippoansaloni.it,0536.883495,0
http://www.gvc-italia.org,051582225,0
http://www.gvc-italia.org,051585604,0
http://WWW.HANDICAPCERVIA.ORG,3473409089,1
http://www.handimatica.com/,051.227801,0
http://www.handimatica.com/,051.277823,0
http://www.happytrailmtb.it,3471090006,1
http://www.hbologna.net,071.7921212,0
http://www.hbologna.net,071.7923590,0
http://www.helpforchildren.it,0521941579,0
http://www.helpforchildren.it,06230127090,0
http://www.helpforchildren.it,3489053528,1
http://www.hemoex.it,0544.451720,0
http://www.hemoex.it,0544.452466,0
http://www.hewo-modena.it,0536945335,0
http://www.horse-angels.it,346.4922753,1
http://www.iboitalia.org,0532.243279,0
http://www.icavallidelrenobologna.it/,051.383460,0
http://www.icinquepani.it/web/,0555416420,0
http://www.icinquepani.it/web/,055570411,0
http://www.iclowndellospedale.it,(052)2881202,0
http://www.iclowndellospedale.it,(333)7132085,1
http://www.ideafamiglia.it/,0515879741,0
http://www.ideafamiglia.it/,392.2181886,1
http://www.ideafamiglia.it/,3922181886,1
http://www.ifiorimusicali.jimdo.com,392-0778410,1
http://www.iger.org,051223102,0
http://www.iger.org,051228235,0
http://www.iger.org,051231377,0
http://www.iguitti.net,059.9534115,0
http://www.iguitti.net,3356545178,1
http://www.ilbosco.net/,0542-43718,0
http://www.ilbruttoanatroccolo.eu,0523.337226,0
http://www.ilbruttoanatroccolo.eu,338.3058606,1
http://www.ilcestodiciliege.it,059224908,0
http://www.ilcestodiciliege.it,3491575298,1
http://www.ilcircolino.pc.it,3471214830,1
http://www.ilmartinpescatore.org,04013640372,0
http://www.ilmondounafamiglia.org,059.730358,0
http://www.ilmondounafamiglia.org,059.732160,0
http://www.ilmosaicocooperativa.com/,01935701209,0
http://www.ilnido.bo.it,051.6350911,0
http://www.ilnido.bo.it,3349914220,1
http://www.ilsegnalibromodena.org,059343235,0
http://www.ilsegnalibromodena.org,059469446,0
http://www.ilsegnalibromodena.org,059826242,0
http://www.ilsegnalibromodena.org,059848904,0
http://www.ilsegnalibromodena.org,059849955,0
http://www.ilsognodistefano.it/,0499740380,0
http://www.ilsognodistefano.it/,3332494577,1
http://www.ilsognodistefano.it/,3333976871,1
http://www.ilsognodistefano.it/,3356294645,1
http://www.ilsognodistefano.it/,3357006060,1
http://www.ilsognodistefano.it/,3483852212,1
http://www.ilterzomondo.org,3281455130,1
http://www.ilupidipiacenza.it,0523982019,0
http://www.ilupidipiacenza.it,3483664031,1
http://www.ilupiparma.org,3289431639,1
http://www.ilventagliodiorav.eu,051-581160,0
http://www.imolafolklore.com,3345435716,1
http://www.imolafolklore.com,3394572109,1
http://www.in-formazione.org/,03102551201,0
http://www.in-formazione.org/,051.1998866,0
http://www.in-formazione.org/,051.1998867,0
http://www.info-bo.it/,051-312597,0
http://www.info-bo.it/,800-759311,3
http://www.informanascita.com,059271087,0
http://www.informanascita.com,059374710,0
http://www.iniziativaparkinsoniani.it/,051-6241064,0
http://www.insalute.info/,0542699419,0
http://www.insiemeanoi.org,059220833,0
http://www.insiemeanoi.org,3488447692,1
http://www.insiemeper.bo.it/,338.5872345,0
http://www.insiemesipuoday.blogspot.com,3337775150,1
http://www.insiemesipuoday.blogspot.com,338-8745425,1
http://www.insiemesipuoday.blogspot.com,3663943137,1
http://www.intergruppoparma.it,0521-957353,0
http://www.inventatempo.it/,051822924,0
http://www.ior.it,051-6366111,0
http://www.ior.it,051-6366546,0
http://www.ior.it,051-6366900,0
http://www.iperbole.bologna.it,051203040,0
http://www.iperbole.bologna.it,0512193111,0
http://www.iperput.org/,051-390720,0
http://www.iquattrocastelli.it,02358961205,0
http://www.iquattrocastelli.it,0542674357,0
http://www.iquattrocastelli.it,0542675675,0
http://www.isantinnocenti.it,0522408795,0
http://www.isantinnocenti.it,0522430567,0
http://www.isantinnocenti.it,3457389943,1
http://www.isantinnocenti.it,3466550572,1
http://www.isf-ferrara.org,0532-974880,0
http://www.isoladelvagabondo.it,3383154077,1
http://www.isoladelvagabondo.it,3393526803,1
http://www.isoladelvagabondo.it,3464977951,1
http://www.isoladelvagabondo.it,3484794424,1
http://www.it2.it,051365616,0
http://www.it2.it,0516257959,0
http://www.italia-costarica.org/,(051)232097,0
http://www.italia-costarica.org/,05062246574,0
http://www.italia-costarica.org/,05065783422,0
http://www.italia-costarica.org/,3401801254,1
http://www.italianaassistenza.it/,02428071209,0
http://www.italianaassistenza.it/,051347090,0
http://www.italobritannica.com,051221249,0
http://www.italobritannica.com,051273652,0
http://www.jazzclubferrara.com,3335077059,1
http://www.jazzclubferrara.com,3396116217,1
http://www.jazzclubferrara.com,3397886261,1
http://www.juniorsaccamodena.it,059311434,0
http://www.juniorsaccamodena.it,059312644,0
http://www.justdance.it,347.4331877,1
http://www.kabaralagdaf.org,059345093,0
http://www.kabaralagdaf.org,3476564618,1
http://www.kalinkaclub.it,3384555984,1
http://www.kalinkaclub.it,3385059088,1
http://www.kicece.it/,3333359834,1
http://www.laboratoriofamigliaalportico.it,0521241420,0
http://www.laboratoriofamigliaalportico.it,3287925459,1
http://www.labpoesiamo.it,059.236680,0
http://www.labpoesiamo.it,059.281591,0
http://www.lacapriola.it,059364095,0
http://www.lacaracola.it,338-2619686,1
http://www.lacaracola.it,339-3115913,1
http://www.lacasadelsorriso.it,3342882699,1
http://www.lacasadelsorriso.it,3471468769,1
http://www.lacitta-delsole.org,3287455552,1
http://www.lacittaverde.coop/,(051)682-7102,0
http://www.lacittaverde.coop/,(051)6827102,0
http://www.lacittaverde.coop/,(051)975450,0
http://www.lacittaverde.coop/,(0532)757544,0
http://www.lacittaverde.coop/,04049110374,0
http://www.lacittaverde.coop/,051.6827102,0
http://www.lafratellanza.it,059330098,0
http://www.lafraternita.com,3461402802,1
http://www.lafraternita.com,3461402881,1
http://www.lafraternita.com,3463271143,1
http://www.lafraternita.com,3484766885,1
http://www.lagvignola.com,059762222,0
http://www.lagvignola.com,059763006,0
http://www.laltrocaffe.it,054227494,0
http://www.laltrocaffe.it,3404218500,0
http://www.lalumaca.org,0598860012,0
http://www.lalumaca.org,0598860124,0
http://www.lamenteingioco.it/,0100014393,0
http://www.lamenteingioco.it/,051-453196,0
http://www.lamenteingioco.it/,0510973175,0
http://www.lamenteingioco.it/,3289120000,1
http://www.lamusicainterna.it,051266959,0
http://www.lancecbcervia.org,0544.995265,0
http://www.lancecbcervia.org,333-2141046,1
http://www.lancecbcervia.org,333.2141046,1
http://www.lancecbcervia.org,366.1960712,1
http://www.lanostramirandola.it,06160668500,0
http://www.lapatria1879.it,059644070,0
http://www.larcapuntealberete.it,0544465019,0
http://WWW.LARETEMAGICA.IT,0543033765,0
http://WWW.LARETEMAGICA.IT,3204553980,1
http://WWW.LARETEMAGICA.IT,3292179197,1
http://www.larosenoire.it,39339119657,1
http://www.laroverella.altervista.org,0541912355,0
http://www.laroverella.altervista.org,3385867995,1
http://www.latanadelcoboldo.it,329.4392767,1
http://www.latino51.it/,3339004545,0
http://www.laviteeitralci.it,0523860047,0
http://www.lavoro.provincia.modena.it,059.209.111,0
http://www.lawandliterature.org,051260.782,0
http://www.lawandliterature.org,051277.205,0
http://www.leaquile.it,338-888.7895,1
http://www.legadelcane-agazzano.it,392.4720356,1
http://www.legadelcane-ferrara.it,3426330305,1
http://www.legambiente-ra.it,0544211700,0
http://www.legambiente-ra.it,0544251982,0
http://www.legambientebologna.org/,3334073234,0
http://www.legambientebologna.org/,3357456877,0
http://www.legambientemodena.it,3277646127,1
http://www.legambienteparma.it,0521.238478,0
http://www.legambientereggioemilia.it,0522.391458,0
http://www.legambientesassuolo.wordpress.com,0536803502,0
http://www.legambientesassuolo.wordpress.com,3335782844,1
http://www.leganavale.bo.it,0516350843,0
http://www.legatumoribologna.it/,0514390409,0
http://www.legatumoribologna.it/,0514399148,0
http://www.legraffette.it,059357553,0
http://www.legraffette.it,0594163730,0
http://www.legraffette.it,3392263140,1
http://www.lequercedi.it,051.230762,0
http://www.liberoateneo.it,3779588952,1
http://www.libertasassistenza.it/,04144000371,0
http://www.libertasassistenza.it/,051750362,0
http://www.libertasassistenza.it/,051758602,0
http://www.libertasassistenza.it/,051818106,0
http://WWW.LILT.FC.IT,0543731882,0
http://WWW.LILT.FC.IT,800998877,3
http://www.lilt.mo.it,059.374.217,0
http://www.liltrimini.com,054156492,0
http://www.linearosa.it,0544216316,0
http://www.lipu.it,0521273043,0
http://www.lipu.it,0521273419,0
http://www.losguardodellaltro.com,3802445315,1
http://www.lotonlus.org,3297546787,1
http://www.lotonlus.org,3297546860,1
http://www.lucanibo.it,051.243590,0
http://www.lucanibo.it,051244764,0
http://www.luoghidiprevenzione.it,0522.320655,0
http://WWW.LUPUS-ITALY.ORG,0104206924,0
http://www.macchinematematiche.org,0592058275,0
http://www.macchinematematiche.org,3407012734,1
http://www.madonnadisotto.it,0536807220,0
http://www.maestrilavoro.it,330839342,1
http://www.maestrilavoro.it,3337120347,1
http://www.maestrilavoro.it,335206343,1
http://www.maestrilavoro.it,3396832068,1
http://www.maestrilavoro.it,3405001376,1
http://www.maestrilavoro.it,3889461515,1
http://www.magicamenteclown.jimdo.com,0544524301,0
http://www.mandolinoestense.it,059390461,0
http://www.mandolinoestense.it,3357651056,1
http://www.maratonaditalia.it,0594550022,0
http://www.maratonaditalia.it,059650297,0
http://www.marchigianibologna.it/,051.754644,0
http://www.marieleventre.it/,051.304856,0
http://www.marieleventre.it/,051.4294083,0
http://www.marieleventre.it/,051.4299009,0
http://www.marieleventre.it/,0514294083,0
http://www.marieleventre.it/,0514299009,0
http://www.marieleventre.it/,334.9137316,1
http://www.marieleventre.it/,3349137316,1
http://www.marzabotto2000.com/,051-931644,0
http://www.mediazionefamiliare-cedim.it/,335387624,0
http://www.medicivitas.it,051850018,0
http://www.medicivitas.it,051852616,0
http://www.melpyou.com,3293085934,1
http://www.mensacappuccini.altervista.org,0541-783169,0
http://www.miciamici.org,3356936891,1
http://WWW.MICIDELDELTA.IT,328.6585399,1
http://WWW.MICIDELDELTA.IT,335.8745226,1
http://WWW.MICIDELDELTA.IT,339.8376425,1
http://www.microimpresa.org/,0510545599,0
http://www.migrazioni.eu/,0514171701,0
http://www.migrazioni.eu/,0514171777,0
http://www.millearpeggi.it/,3201650086,1
http://www.minicarfiorano.it,0536843088,0
http://www.minicarfiorano.it,3397389392,1
http://WWW.MISSIONEINSIEME.ORG,0521800473,0
http://WWW.MISSIONEINSIEME.ORG,3494547367,1
http://www.modenainbici.it,327.0764455,1
http://www.modenainbici.it,338.3488082,1
http://www.modenainbici.it,338.3794044,1
http://www.modenainbici.it,340.9079737,1
http://www.modenainbici.it,347.4506510,1
http://www.modenaperglialtri.org,059-283270,0
http://www.modenaperglialtri.org,059-285208,0
http://www.modenaterzomondo.org,336-388159,1
http://www.mondialcarpi.it,059-695356,0
http://www.mondobimbi.org,0587241733,0
http://www.mondobimbi.org,0587483248,0
http://www.mondobimbi.org,3282113740,1
http://WWW.MONDOCANEFORLI.IT,3496324180,1
http://www.mondodonna-onlus.it,051230159,0
http://www.montagnolabologna.it/,051394021,0
http://www.motoclubcarpi.it,059686266,0
http://www.mtbturbolenti.it,329-7504654,1
http://www.mtbturbolenti.it,338-4864916,1
http://www.mtbturbolenti.it,338-8372346,1
http://www.mukondo.org,0521.232968,0
http://www.mukondo.org,06230127800,0
http://www.mumomusicalmodena.com,059.8396370,0
http://www.museibologna.it/,0516496611,0
http://www.museodellabilancia.it,(0039)059059,0
http://www.museodellabilancia.it,(0039)0595271,0
http://www.museodellabilancia.it,(0039)0598994,0
http://www.museodelvolley.it,345-4961651,1
http://www.museouomo-ambiente.it,3334504976,1
http://www.musicaindozza.it,345.9697424,1
http://www.musicarti.it,3384117999,1
http://www.namaste-adozioni.org,051479751,0
http://www.nazareno-coopsociale.it,059664772,0
http://www.nazareno-coopsociale.it,059664774,0
http://www.nettunia1954.it/,051761112,0
http://www.nettunia1954.it/,3667161284,1
http://www.neurofibromatosi.org,0521771457,0
http://www.nexusemiliaromagna.org,39051294775,0
http://www.nexusemiliaromagna.org,39051294810,0
http://www.noctraversetolo.org,3388128541,1
http://www.noemacongressi.it,051221894,0
http://www.noemacongressi.it,051230385,0
http://www.npsitalia.net,00390236565,0
http://www.npsitalia.net,3400705938,1
http://www.nuotoclubsassuolo.it,02008670150,0
http://www.nuotoclubsassuolo.it,0536885902,0
http://www.nuovagaylesbica.altervista.org,3394927406,1
http://www.nuovagaylesbica.altervista.org,3477783236,1
http://www.nuovamente.org,051-5883640,0
http://www.nuovamente.org,0515883640,0
http://www.nuovamente.org,0516493767,0
http://www.nuovamente.org,3664211921,1
http://www.oaser.it,051.271242,0
http://www.oasimetropolitana.com,059217093,0
http://www.oasimetropolitana.com,3397052336,1
http://www.oasinforma.com,0532-748118,0
http://www.odsbologna.it,3383547919,1
http://www.odsbologna.it,3398959000,1
http://www.officinaferrarese.com,0532-200183,0
http://www.oltreconfine.info,0532.241419,0
http://www.oltrelautismo.it/,0350005414,0
http://www.oltrelautismo.it/,0515665411,0
http://www.oltrelautismo.it/,0523306120,0
http://www.oltrelautismo.it/,0523336525,0
http://www.oltrelautismo.it/,3662831134,1
http://www.oltremodo.eu/,338-9275081,1
http://www.omeobonbon.it,3357107672,1
http://www.omeobonbon.it,3388721942,1
http://www.ondaazzurra.org,333-3114344,1
http://www.ondaazzurra.org,338-8585158,1
http://www.ondaazzurra.org,345-7039845,1
http://www.onphalon.blogspot.com,3403191825,1
http://www.opengroup.eu/,02410141200,0
http://www.opengroup.eu/,051242557,0
http://www.opengroup.eu/,051242955,0
http://www.opengroup.eu/,0516750400,0
http://www.opengroup.eu/,051841206,0
http://www.operapadremarella.it/,051244345,0
http://www.operapadremarella.it/,0516255070,0
http://www.operapadremarella.it/,0516255174,0
http://www.operapadremarella.it/,0516258776,0
http://www.operapadremarella.it/,3473852734,1
http://www.opimm.it/,051315168,0
http://www.opimm.it/,051389754,0
http://www.organiantichi.org/,3939732241,1
http://www.orsicinesi.org,333-4285644,1
http://www.ottoperotto.org,3487802963,1
http://www.ozzanesecalcio.com/inizio.htm,051-799238,0
http://www.pacalendasco.it,0523.763167,1
http://www.pacb.it,01103290373,0
http://www.padri.it/,051.6142641,0
http://www.padri.it/,3286655663,1
http://www.padri.it/,3485105103,1
http://www.padri.it/,3497220768,1
http://www.paesepronto.it,0522.977454,0
http://www.pafidenza.it,052482842,0
http://www.pafidenza.it,052482943,0
http://www.panicarte.com,0519911785,0
http://www.paolobabini.it,0543.376816,0
http://www.parcodellagraziosa.it,059939431,0
http://www.parcodellagraziosa.it,059939461,0
http://www.parcodellagraziosa.it,800502081,3
http://www.parkinsonitalia.it,045-597351,0
http://www.parkinsonitalia.it,0521-231318,0
http://www.parkinsonitalia.it,0521231318,0
http://www.parkinsonitalia.it,3408498923,1
http://www.parmaperglialtri.it,0521-236758,0
http://www.parmaperglialtri.it,0521-506105,0
http://www.parmaperglialtri.it,0521-773170,0
http://www.parrbva.org,059242124,0
http://www.parrocchiadizolino.it,0542-628144,0
http://www.parrocchiasanfaustino.it,059.2922625,0
http://www.parrocchiasanfaustino.it,059.350266,0
http://www.parubicone.it,0541809182,0
http://www.parubicone.it,0541942100,0
http://www.parussi.altervista.org,0544583332,0
http://www.parussi.altervista.org,0544587021,0
http://www.passopasso.it/,3288064001,1
http://www.passopasso.it/,3404602503,1
http://www.patronato.acli.it/sedi.asp?azione=vediSede&idSede=637,051-254612,0
http://www.pattugliecittadine.it/,051546779,0
http://www.pavaldarda.it,0523891772,0
http://www.pavaldarda.it,0523891997,0
http://www.pavaldarda.it,0523983701,0
http://WWW.PAVALTIDONE.IT,0523842229,0
http://WWW.PAVALTIDONE.IT,0523849388,0
http://WWW.PAVALTIDONE.IT,39052384222,0
http://www.pedalandoecamminando.it,3283919960,1
http://www.pedalandoecamminando.it,331-6020883,1
http://www.pedalandoecamminando.it,340-3017360,1
http://WWW.PERCORSIMEZZANO.IT,0544520778,0
http://WWW.PERCORSIMEZZANO.IT,0544520921,0
http://www.percorsovitale.it,3332056545,1
http://www.perluca.it/,051-6494865,0
http://www.perluca.it/,388-8250540,0
http://www.pernonsentirsisoli.org,0594731724,0
http://www.pernonsentirsisoli.org,3331315870,1
http://www.pesospecificoteatro.org,059-8752068,0
http://www.pesospecificoteatro.org,347-2656886,1
http://www.pgmbologna.com,051-333303,0
http://www.pgmbologna.com,051-372727,0
http://www.pgsima.it,051365053,0
http://www.pgsima.it,3208182623,1
http://www.piazzagrande.it/,"051 342328",0
http://www.piazzagrande.it/,0513370669,0
http://www.piazzagrande.it/,051342328,0
http://www.piccolacitta.org,059-270556,0
http://www.piccolacitta.org,059-279011,0
http://www.piccolacitta.org,059-365576,0
http://www.piccolacitta.org,059-3683842,0
http://www.piccolacitta.org,059-3683849,0
http://www.piccolacitta.org,059-371666,0
http://www.piccolialcentro.it,0523847042,0
http://www.piccolialcentro.it,0523861056,0
http://www.piccolialcentro.it,0523864109,0
http://www.piccolialcentro.it,0523864526,0
http://www.piccoligrandicuori.it,0516414977,0
http://www.pigifo.it,320.6387231,1
http://www.pol4ville.it,059840616,0
http://www.pol4ville.it,059849652,0
http://www.polisportivalame.bologna.it,0516345717,0
http://www.polisportivalame.bologna.it,0516353007,0
http://www.polisportivamodenaest.it,059283270,0
http://www.polisportivamodenaest.it,059283449,0
http://www.polisportivaondablu.it,3382710577,1
http://www.polisportivapaolopoggi.it,051.453384,0
http://www.polisportivapaolopoggi.it,051.465054,0
http://www.polisportivasacca.net,059311434,0
http://www.polisportivasacca.net,059451115,0
http://www.polisportivazola.it/,051.759176,0
http://www.pontevecchiobologna.it/,0516231630,0
http://www.pontevecchiobologna.it/,3777060323,1
http://www.porta-aperta.org,059821002,0
http://www.porta-aperta.org,059827870,0
http://www.porteaperteravenna.it,05466814100,0
http://www.porteaperteravenna.it,3388409842,1
http://www.porteaperteravenna.it,3391494899,1
http://www.porteaperteravenna.it,3408979631,1
http://www.porteaperteravenna.it,3482635045,1
http://www.portobellomodena.it,0597132476,0
http://www.poverivergognosi.it/,051226100,0
http://www.poverivergognosi.it/,0512966211,0
http://www.preludio.org,0516153333,0
http://www.presidentbologna.it,051533050,0
http://www.presidentbologna.it,051533659,0
http://www.presidentbologna.it,0516011176,0
http://www.prestitoinpdap.org/inpdap-bologna.php,051-216111,0
http://www.prestitoinpdap.org/inpdap-bologna.php,051-5889035,0
http://www.prevenzionetumoriguastalla.org,0522.837427,0
http://www.prevenzionetumoriguastalla.org,0522.838941,0
http://www.privatassistenza.it/bologna/centro-bologna/,0522.402103,0
http://www.privatassistenza.it/bologna/centro-bologna/,0522.499099,0
http://WWW.PROCIVARCI.IT,368.465320,1
http://www.procivarcimanghipr.it,0521-1913951,0
http://www.procivarcimanghipr.it,338-9045548,1
http://www.profumalchemico.it,059.210020,0
http://www.profumalchemico.it,059210020,0
http://www.profumalchemico.it,335.6188683,1
http://www.progetto-chernobyl.it/,059660988,0
http://www.progetto-vita.eu,0523303225,0
http://www.progettoinsiemeonlus.it,059350616,0
http://www.progettoinsiemeonlus.it,3667400799,1
http://www.progettoinsiemeonlus.it,3667410608,1
http://www.progettoinsiemeonlus.it,3921480359,1
http://www.progettoinsiemeonlus.it,3921652145,1
http://www.progettonigeria.it,0543.371097,0
http://www.progettonigeria.it,0543.458326,0
http://www.progressocalcio.it,051.711500,0
http://www.progressocalcio.it,051.715334,0
http://www.progressocalcio.it,051711500,0
http://www.progressocalcio.it,051715334,0
http://www.progressocalcio.it,348-3547928,1
http://www.prolocobadi.it,3288146800,1
http://WWW.PROLOCOBUDRIO.IT,051.802888,0
http://www.prolocoformigine.it,059556078,0
http://www.prolocozola.it,051755002,0
http://www.prolocozzano.it,0514123316,0
http://www.prolocozzano.it,3454590599,1
http://www.pronaturabologna.org,051-6346625,0
http://www.pronaturabologna.org,051-6350378,0
http://www.pronaturabologna.org,3206194490,1
http://www.pronaturaromagna.it,3456159546,1
http://www.pronaturaromagna.it,3485123662,1
http://www.protezionecivile.gov.it,800840840,0
http://www.protezionecivilebrescello.org,0522.482534,0
http://www.protezionecivilebrescello.org,0522.482542,0
http://WWW.PROTEZIONECIVILEOMEGA.IT,0523.815124,0
http://www.protezionecivilereggioemilia.it,0522-513242,0
http://www.protezionecivilereggioemilia.it,0522.791979,0
http://www.provincia.fc.it,02710300407,0
http://www.provincia.fc.it,0543714111,0
http://www.provincia.fc.it,0543714234,0
http://www.provincia.ra.it,0544258001,0
http://www.provincia.ra.it,0544258070,0
http://www.provincia.ra.it,0544258111,0
http://www.provincia.re.it,0522.444108,0
http://www.provincia.re.it,0522.444111,0
http://www.prozetesis.it,3288428066,1
http://www.psicologiadellenarrazioni.it,051522510,0
http://www.psicologiadellenarrazioni.it,3311998509,1
http://www.psicologiadellenarrazioni.it,3395991149,1
http://www.psicologiadellenarrazioni.it,3398857473,1
http://www.psicopopoli-er.it,07000109976,0
http://www.pubblica-assistenza-riolo-terme.it,3487002575,1
http://www.pubblica-assistenza.it,0522682662,0
http://www.pubblica-assistenza.it,0522683111,0
http://www.pubblica-assistenza.it,0522688217,0
http://www.pubblica-assistenza.it,0522917128,0
http://www.pubblicaassistenza.ra.it,0544400777,0
http://www.pubblicaassistenza.ra.it,0544400888,0
http://www.pubblicaassistenza.ra.it,0544404647,0
http://www.pubblicaassistenza.ra.it,0544505050,0
http://www.pubblicaassistenza.ra.it,0544974511,0
http://www.pubblicaassistenza.ra.it,0627013181,0
http://www.pubblicaassistenza.ra.it,0810004858,0
http://www.pubblicaassistenzaforli.org,0543701622,0
http://www.pubblicaassistenzaforli.org,0543707000,0
http://www.pubblicaassistenzalugo.org,0544505050,0
http://www.pubblicaassistenzavignola.org,059.761010,0
http://www.pubblicaassistenzavignola.org,059.7703806,0
http://www.pubblicaassistenzavignola.org,059.775588,0
http://www.pubblicacolorno.it,0521312103,0
http://www.pubblicacolorno.it,0521814034,0
http://WWW.PUBBLICAVALNURE.IT,0523.877988,1
http://www.puntoequo.org,05648680964,0
http://www.puntoequo.org,340.2855826,1
http://www.puntogiovane.net,0500.001000,0
http://www.puntogiovane.net,05411646230,0
http://www.puntogiovane.net,3482466580,1
http://www.puntogiovane.net,3492352671,1
http://www.quanshuguiglia.it,3295420935,1
http://www.quanshuguiglia.it,3396456793,1
http://www.quanshuguiglia.it,3398706886,1
http://www.quanshuguiglia.it,3489002582,1
http://www.quarantoli.it,333.1229080,1
http://www.quipuoi.it,333.9408286,1
http://www.quipuoi.it,366.6214906,1
http://www.ragazzidimiceno.it,0536.324600,0
http://www.ragazzidimiceno.it,339.7943058,1
http://www.ramazzini.org/,051-302252,0
http://www.ramazzini.org/,051-390417,0
http://www.ramazzini.org/,051.302252,0
http://www.ramazzini.org/,051.390417,0
http://www.ramazzini.org/,051.6640143,0
http://www.ramazzini.org/,051.6640223,0
http://www.ramazzini.org/,051.6640460,0
http://www.ramazzini.org/,051302252,0
http://www.ramazzini.org/,051390417,0
http://www.rangersbologna.it/,0516418880,0
http://www.rapid.webprofessional.it,059251025,0
http://www.rcmistral.it,0544453073,0
http://www.rcmistral.it,1782222137,7
http://www.rcmistral.it,3479202019,1
http://www.regione.emilia-romagna.it,051-5275360,0
http://www.regione.emilia-romagna.it,800-407407,0
http://www.regione.emilia-romagna.it,800.625.903,0
http://www.remidabologna.it,392.2019710,1
http://WWW.RESCUEMISSION2000.ORG,0522-303086,0
http://WWW.RESCUEMISSION2000.ORG,0522303086,0
http://WWW.RESCUEMISSION2000.ORG,338-4902234,1
http://WWW.RESCUEMISSION2000.ORG,389-6490491,1
http://www.residenzefemminilibologna.it/,051224840,0
http://www.residenzefemminilibologna.it/,051239535,0
http://www.retinitepigmentosa.it/,051246705,0
http://www.retinitepigmentosa.it/,051330155,0
http://www.retinitepigmentosa.it/,0513399456,0
http://www.retinitepigmentosa.it/,0516390645,0
http://www.retinitepigmentosa.it/,0518551261,0
http://www.ricordimusicschool.com,0187179869,0
http://www.riderepervivere.it,3772826037,1
http://www.riminiautismo.it,3473553127,1
http://WWW.RIMINIRESCUE.IT,3335973380,1
http://WWW.RIMINIRESCUE.IT,393-1051372,1
http://www.roccapelago.it,3343470940,1
http://www.rockinrolo.it/,3277384870,1
http://www.roloinfesta.it,3393237126,1
http://www.rompiilsilenzio.org,3465016665,1
http://www.rosabiancaonlus.org,3405781516,1
http://www.rotaryferrara.it,0532.248491,0
http://www.run530.it,3356893049,1
http://www.saggiatoremusicale.it,051.2092000,0
http://www.saggiatoremusicale.it,051.2092001,0
http://www.salisulsicomoro.org,0541671302,0
http://WWW.SALSOMAGGIORE.PUBBLICHE.PARMA.IT,0524572408,0
http://WWW.SALSOMAGGIORE.PUBBLICHE.PARMA.IT,0524574276,0
http://WWW.SALSOMAGGIORE.PUBBLICHE.PARMA.IT,0524578583,0
http://WWW.SALSOMAGGIORE.PUBBLICHE.PARMA.IT,0524581102,0
http://www.saltinbanco.it,3498869308,1
http://www.salusbasket.it,051.325258,0
http://www.salusbasket.it,051.326876,0
http://www.saluter.it,800.625.903,3
http://WWW.SALVAMENTOFC.EU,0547-303506,0
http://WWW.SALVAMENTOFC.EU,347.4191521,1
http://www.samanawasi.it,0114530463,0
http://www.samanawasi.it,0522598264,0
http://www.sancristoforo.org,331.1337103,1
http://www.sangiuseppecarpi.it,0596328476,0
http://www.sangiuseppecarpi.it,059687232,0
http://www.sangiuseppepace.net,0524070024,0
http://www.sangiuseppepace.net,335.802.9457,1
http://www.sangiuseppepace.net,340.553.4974,1
http://www.sangiuseppepace.net,340.738.6601,1
http://www.sangiuseppepace.net,3454453271,1
http://www.sangiuseppepace.net,347.406.1758,1
http://www.sangiuseppepace.net,349.282.5720,1
http://www.sanlazzarosociale.it,051.6228255,0
http://www.sanlazzarosociale.it,051.6228283,0
http://www.sannacaterina.net/,051307030,0
http://www.sannacaterina.net/,051343993,0
http://www.sanpatrignano.org,0541.756718,0
http://www.sanpatrignano.org,0541362111,0
http://www.sanpatrignano.org,0541362362,0
http://www.sanpatrignano.org,0541362411,0
http://www.sanpatrignano.org,0541756108,0
http://www.sanpatrignano.org,0541756476,0
http://www.sas.fe.it,3489046210,1
http://www.sassomarconibaseball.it/,3336538859,1
http://www.sav.bologna.it/,051433473,0
http://www.sav.bologna.it/,0516142630,0
http://www.sav100.altervista.org,051902072,0
http://www.sav100.altervista.org,051903060,0
http://www.savethechildren.it,0267078446,0
http://www.savethechildren.it,064807001,0
http://www.savethechildren.it,07354071008,0
http://www.schermaimola.it,0542640484,0
http://www.sciclubparalimpicfanano.it,3339826992,1
http://www.sciclubriolunato.it,0599120237,0
http://www.sciclubsestola.it,3357189203,1
http://www.sciclubsestola.it,3394312777,1
http://www.sciclubsestola.it,3398167404,1
http://www.sciclubsestola.it,3483111750,1
http://www.scioglilingua.info/,0598398230,0
http://www.scioglilingua.info/,0598398231,0
http://www.scoiattolo.org/,0510314877,0
http://www.scoiattolo.org/,0510876134,0
http://www.scoiattolo.org/,0516770109,0
http://www.scoiattolo.org/,051841277,0
http://www.scoiattolo.org/,328-1006998,0
http://www.scomunicati.org/,051-8494312,0
http://www.scuolacarovana.it,059442405,0
http://www.scuoladimusicamoderna.it,0532-1861671,0
http://www.scuoladimusicamoderna.it,0532464661,0
http://www.scuolasteiner-modena.it,059440302,0
http://www.scuolasteiner-modena.it,3342973293,1
http://www.scuolasteiner-modena.it,3384646987,1
http://www.scuolaviva.eu,1786037707,7
http://www.sdseducational.org,3398907981,1
http://www.sdseducational.org,3477093708,1
http://www.seacoop.coop,0542.643543,0
http://www.seacoop.coop,0542.644015,0
http://www.seacoop.coop,0542.644059,0
http://www.seirs.org,0521957348,0
http://www.seirs.org,3477132390,1
http://www.selenecentrostudi.it,051.443.307,0
http://www.selenecentrostudi.it,051.443.494,0
http://www.selenecentrostudi.it,051.443494,0
http://www.senzaconfinitaly.com,07082366400,0
http://www.senzaconfinitaly.com,3383904582,1
http://www.senzailbanco.it/Cooperativa%20Senza%20Il%20Banco/CoopSenzailBancoHome.html,051-248490,0
http://WWW.SIAMOCONTE.IT,06230663200,0
http://www.siamotuttipedoni.it,051-260921,0
http://www.sigonioassistenza.it,0593981774,0
http://www.sindromedipoland.org/,010.5222238,0
http://www.sindromedipoland.org/,010.8562263,0
http://www.slowfoodbologna.it/,051231836,0
http://www.slowfoodbologna.it/,328.1396004,1
http://www.slowfoodbologna.it/,338.6053611,1
http://www.smcuispcarpi.it,059-6324671,0
http://www.smcuispcarpi.it,059-653093,0
http://www.snupi.it,06230127090,0
http://www.snupi.it,3339612297,1
http://www.snupi.it,3404171780,1
http://www.societaaperta.info/,0516441211,0
http://www.societaaperta.info/,0516441212,0
http://www.societaaperta.info/,0516661354,0
http://www.societaaperta.info/,051817737,0
http://www.societadolce.it/,03772490375,0
http://www.societadolce.it/,0516441211,0
http://www.societadolce.it/,0516441212,0
http://www.socrem.bologna.it/,051241726,0
http://www.socremreggioemilia.it/lasocieta.html,0522289975,0
http://www.socremreggioemilia.it/lasocieta.html,0522292301,0
http://www.socremreggioemilia.it/lasocieta.html,335204779,1
http://www.sodcvs.org,0639637828,0
http://www.sodcvs.org,0639674243,0
http://www.sognamondo.it,02823941204,0
http://www.sognamondo.it,051-0826370,0
http://www.sognamondo.it,051-3370083,0
http://www.sognamondo.it,347.3491548,0
http://www.sokos.it/,051.0416380,0
http://www.sokos.it/,051.0455639,0
http://www.sokos.it/,3486353294,1
http://www.sokos.it/,3486353323,1
http://www.solarisonlus.it,0596328120,0
http://www.solarisonlus.it,0596550075,0
http://www.solcoinsieme.coop/,02762781207,0
http://www.solidarietainrete.org,331.1310857,1
http://www.solidarietaonlus.org,0522-679926,0
http://www.solidarietaonlus.org,0522.679926,0
http://www.solidarietaonlus.org,0522.704123,0
http://www.solidarietaonlus.org,366.9050003,1
http://www.sorrisidalmondo.org,348.9054212,1
http://www.sosmama.it,3683886876,1
http://www.sosmammaboretto.org,00430149274,0
http://www.sostegnoezucchero.it,0522-335825,0
http://www.soundanceclub.it,0536-802103,0
http://www.soundanceclub.it,333-3414259,1
http://www.soundanceclub.it,338-7294129,1
http://www.spartacusbologna.it,3498202854,1
http://www.spaziodanza.info,051390778,0
http://www.spaziolabo.it,051236023,0
http://www.spaziolabo.it,051334991,0
http://www.spaziolabo.it,051523062,0
http://www.spaziolabo.it,051556107,0
http://www.spaziolabo.it,051583610,0
http://www.spaziolabo.it,3205650718,1
http://www.spaziolabo.it,3394534132,1
http://www.spmii.it/,051357753,0
http://www.sportexperience.it/homew.asp,3355620843,1
http://www.sportsaroundtheworld.org,3313707653,1
http://www.stedmodena.it,059218709,0
http://www.stellanostra.com,3206180082,1
http://www.stellanostra.com,3272034776,1
http://www.stellanostra.com,3274622289,1
http://www.stellanostra.com,3274622350,1
http://www.stellanostra.com,3473577250,1
http://www.stellenateperbrillare.it,0598753459,0
http://www.studiosoundlab.com,0514127810,0
http://www.studiosoundlab.com,3280979428,1
http://www.studiosoundlab.com,3296139886,1
http://www.studiosoundlab.com,3395695616,1
http://www.subriminigianneri.it/protezione-civile,3355421176,1
http://www.subriminigianneri.it/protezione-civile,3398883878,1
http://www.succedesoloabologna.it,051226934,0
http://www.succedesoloabologna.it,3345899554,1
http://www.sullavia.org,0525629024,0
http://www.sullealidellementi.it,3395001571,1
http://www.superbass.it/,333.8575872,1
http://www.svep.piacenza.it,0523.306120,0
http://www.svep.piacenza.it,0523.336525,0
http://www.tanalibera.it,0541922308,0
http://www.tanalibera.it,3398399277,1
http://www.tavoladelledonne.com,3884514131,1
http://www.teatrocomunalemodena.it,0592033010,0
http://www.teatrocomunalemodena.it,0592033011,0
http://www.teatrocomunalemodena.it,0592033020,0
http://www.teatrocomunalemodena.it,0592033021,0
http://www.teatrodeiventi.it,0597114312,0
http://www.teatrodeiventi.it,3348352087,1
http://www.teatrodeiventi.it,3897993351,1
http://www.teatrodelletemperie.com/site/,02678121209,0
http://www.teatrodelpratello.it,0510455830,0
http://www.teatrodelpratello.it,3331739550,0
http://www.teatronecessario.it/,328.3926956,0
http://www.teatronucleo.org,0532464091,0
http://www.teatronucleo.org,3489655709,0
http://www.telefonoamicomodenese.it,059-210818,0
http://www.telefonoamicomodenese.it,199284284,7
http://www.telefonoblu.it/emiliaromagna/bologna/,1782.228.788,7
http://www.tenniscamplizzano.it,335.6655517,1
http://www.tenniscamplizzano.it,339.1512262,1
http://www.tennismodena.it,059211372,0
http://www.tennismodena.it,059222884,0
http://www.teodorico.org,0543975053,0
http://www.teranga.it,0522858793,0
http://www.terradiabbracci.it,3297271703,1
http://www.tharakahospital.org,0532204255,0
http://www.tharakahospital.org,0532212285,0
http://www.tomejerry.org,(333-8518265,1
http://www.tomejerry.org,347-2935402,1
http://www.torrile.altervista.org,0521812345,0
http://www.torrile.altervista.org,3497170634,1
http://www.tossignano.it,3384772658,1
http://www.tossignano.it,3479468669,1
http://www.tramaditerre.org,054228912,0
http://www.tramaditerre.org,3347311570,1
http://www.tramaditerre.org,3935596688,1
http://www.tumorealseno.it,0541787077,0
http://www.tumorealseno.it,3355936573,1
http://www.tutelanimalibologna.it,051580375,0
http://WWW.TUTELATRAUMATIZZATI.IT,3334373250,1
http://www.uicbologna.it/,051578821,0
http://www.uil-ravenna.it,0544.292011,0
http://www.uildmbo.org/,051231130,0
http://www.uildmbo.org/,051266013,0
http://www.uildmbo.org/,3299395384,1
http://www.uildmrimini.it,0541612075,0
http://www.uispbologna.it,0516013511,0
http://www.uispbologna.it,0516013530,0
http://www.umanadimorarimini.it,054155227,0
http://www.unagocciaperilmondo.org,3338553078,1
http://www.unipop-bateson.it,3473785609,1
http://www.universalpallavolo.com,059643825,0
http://www.universitaginzburg-mo.net,059.527021,0
http://www.universitaginzburg-mo.net,0594279459,0
http://www.universitaginzburg-mo.net,059568511,0
http://www.universitaginzburg-mo.net,059652320,0
http://www.universitaginzburg-mo.net,059670462,0
http://www.universitaginzburg-mo.net,059800844,0
http://www.univocbologna.it/,051.334.967,0
http://www.univocbologna.it/,3356600886,0
http://www.unms.it/,051265855,0
http://www.unvsmodena.it,377-4701706,1
http://www.up.aci.it/bologna/,0514134411,0
http://www.up.aci.it/bologna/,0514134476,0
http://www.upcm.it/,0514076545,0
http://www.upcm.it/,0516321661,0
http://www.upcm.it/,051711156,0
http://www.upcm.it/,051712745,0
http://www.urca.it/consiglio-provinciale-bologna/,051-326398,0
http://www.urca.it/consiglio-provinciale-bologna/,340-2558909,1
http://www.ushac.it,059684310,0
http://www.ushac.it,33000000010,1
http://www.usmonari.it,059.3092592,0
http://www.uszinellacsi.it,3355739988,1
http://www.uszinellacsi.it,3356778044,1
http://www.utemodena.it,059-217062,0
http://www.utemodena.it,059-221930,0
http://www.uvapassa.org,051343754,0
http://www.uvapassa.org,051399002,0
http://www.uvapassa.org,3248480385,0
http://www.vabravenna.org,3382124787,1
http://www.vabravenna.org,3388887895,1
http://www.vabravenna.org,3472378719,1
http://www.vabravenna.org,3474261427,1
http://www.vagamondi.net,(0039)059747,0
http://WWW.VALERIATONNA.IT,0515612601,0
http://WWW.VALERIATONNA.IT,0523-326904,0
http://WWW.VALERIATONNA.IT,0523-332922,0
http://www.vapsriccione.it,3283453635,1
http://www.vapsriccione.it,3383904073,1
http://www.venenta.com/,0516637200,0
http://www.versleciel.com,0521833008,0
http://www.vertere.info,3392822359,1
http://www.vertere.info,3496022154,1
http://www.vfvcasola.it,0546041153,0
http://www.vfvcasola.it,054676255,0
http://www.viapiaveedintorni.it,3387074816,1
http://www.vibra.tv,059353308,0
http://www.vibra.tv,39059566050,0
http://www.videsitalia.it,051.356977,0
http://www.videsitalia.it,065750048,0
http://www.videsitalia.it,065750904,0
http://www.villaannaresidenzaperanziani.com,059318171,0
http://www.villabernaroli.it,051-402025,0
http://www.villabernaroli.it,051-404948,0
http://www.villabernaroli.it,051404948,0
http://www.villabernaroli.it,335-7234385,1
http://www.villabernaroli.it,3669031779,1
http://www.villabernaroli.it,3889982708,1
http://www.villadallolio.it,051.576632,0
http://WWW.VILLAGGIOGLOBALE.RA.IT,0544219377,0
http://www.villasorra.it,059959211,0
http://www.villasorra.it,3487405790,1
http://www.villatorchi.it/,051323539,0
http://www.villatorchi.it/,3460027824,1
http://www.villatorchi.it/,3477622331,1
http://www.vipforli.com,3289218577,1
http://www.vipmo.it,3470908164,1
http://www.vipmo.it,3473494425,1
http://www.vipmo.it,3485311106,1
http://www.virtualcoop.net,04284720374,0
http://www.virtualcoop.net,051530761,0
http://www.virtualcoop.net,051533106,0
http://www.virtuscibeno.it,059.652421,0
http://www.virtuscibeno.it,329.9420411,1
http://www.vivereconlentezza.it,05231797279,0
http://www.vivereconlentezza.it,333.4996314,1
http://www.viveresenzastomaco.org,3393179830,1
http://www.viveresenzastomaco.org,3661207414,1
http://www.voghierasoccorso.it,0532818104,0
http://www.voghierasoccorso.it,3408040250,1
http://www.voghierasoccorso.it,347-0456654,1
http://www.volabo.it/,051340328,0
http://www.volabo.it/,051341169,0
http://www.volanelcuore.it,346.8646911,1
http://www.volontariaclisti.org,0544401135,0
http://www.volontariaclisti.org,0544406458,0
http://www.volontariaclisti.org,3292374440,1
http://www.volontariamo.com,059212003,0
http://www.volontariamo.com,059238017,0
http://www.volontariminerva.it,0516612250,0
http://www.volontariminerva.it,3801415737,0
http://www.volontarimini.it,0541709888,0
http://www.volontarimini.it,0541709908,0
http://www.volontariperilpo.aponet.it,01234567890,0
http://www.volontarisolarolo.org,0546618287,0
http://www.vorcam.netsons.org,(3201851727,1
http://www.vorcam.netsons.org,(3298060646,1
http://www.vorcam.netsons.org,(3299421048,1
http://www.vorcam.netsons.org,(3887950526,1
http://www.wingchunsassuolo.it/,3343629839,1
http://www.wingchunsassuolo.it/,3772182403,1
http://www.wlemamme.it,3467475197,1
http://www.worlddiving.it,3388455084,1
http://www.wwf.it,800330055,3
http://www.xing.it,051.331099,0
http://WWW.YABASTA.IT,0498751003,0
http://www.yfcitalia.org/,0515874078,0
http://www.yfcitalia.org/,3200704376,1
http://www.yfcitalia.org/,3299545363,1
http://www.yfcitalia.org/,3771767728,1
http://www.you-net.eu,0512193158,0
http://www.you-net.eu,3808698725,1
http://www.youkali.it,0518493013,0
http://www.youkali.it,3334774139,0
http://www.zerocento.coop/,01012750392,0
http://www.zerocento.coop/,0544.462735,0
http://www.zerocento.coop/,0544.509331,0
http://www.zerocento.coop/,0545.287750,0
http://www.zerocento.coop/,0545.902093,0
http://www.zerocento.coop/,0546.600111,0
http://www.zerocento.coop/,0546.600119,0
http://xoomer.virgilio.it/avisjol,0532835542,0
https://circoloravone.wordpress.com,051-6478495,0
https://circoloravone.wordpress.com,0516478327,0
https://circoloravone.wordpress.com,0516478495,0
https://isfbologna.wordpress.com/,3926073683,0
https://sites.google.com/site/acuemiliaromagna3/,051.6449487,0
