"sito associazione",categoria
,
http://aeop.it,"Istruzione e sostegno"
http://aeop.it,"Protezione civile"
http://aeop.it,"Ricerca scientifica"
http://agenzia.8m.com/,Lavoro
http://agenzia.8m.com/,"Tutela degli animali"
http://amarevignola.wordpress.com,"Tutela dei cittadini"
http://ass-equilibrio.it/,"Protezione civile"
http://ass-equilibrio.it/,"Tutela dei cittadini"
http://assisla.it/,Famiglia
http://assisla.it/,Lavoro
http://associazionealtadefinizione.it/,"Arte e cultura"
http://associazionealtadefinizione.it/,"Istruzione e sostegno"
http://codacons.emiliaromagna.it/,"Disabili e Handicap"
http://codacons.emiliaromagna.it/,"Recupero e assistenza"
http://cooperativaquintoangolo.jimdo.com/,Lavoro
http://coralereno.altervista.org/,musica
http://equosolidale.it,"commercio equo-solidale"
http://equosolidale.it,"Tutela dei cittadini"
http://guidealpine-er.it,"Istruzione e sostegno"
http://guidealpine-er.it,musica
http://guidealpine-er.it,Volontariato
http://ibc.regione.emilia-romagna.it,"Protezione civile"
http://ilbaobab.com/,Lavoro
http://ilventagliodiorav.eu/,"Arte e cultura"
http://neidanitalia.wordpress.com/,sport
http://nuke.fidas-advs-bologna.org,"associazione di donatori"
http://protezionecivile.regione.emilia-romagna.it,"Protezione civile"
http://riunite.eu,"Ricerca scientifica"
http://riunite.eu,"Tutela dei cittadini"
http://rivista.ibc.regione.emilia-romagna.it,"Arte e cultura"
http://sayes.volabo.it,"Protezione civile"
http://sayes.volabo.it,Volontariato
http://scuola.regione.emilia-romagna.it,"Istruzione e sostegno"
http://sindromediangelman.org/,Famiglia
http://sindromediangelman.org/,Medicina
http://sociale.regione.emilia-romagna.it,"Tutela dei minori e adozioni"
http://vag61.noblogs.org/,musica
http://www.3ionlus.org/,Volontariato
http://www.acatbolognaalcool.it/,Famiglia
http://www.acliemiliaromagna.it,Lavoro
http://www.acmt-rete.it/index.html,"associazione di donatori"
http://www.acmt-rete.it/index.html,"Disabili e Handicap"
http://www.acmt-rete.it/index.html,Medicina
http://www.acmt-rete.it/index.html,"Recupero e assistenza"
http://www.acnepoti.it,sport
http://www.acquablu.altervista.org/,sport
http://www.acquadela.it,sport
http://www.adanazionale.it,"Recupero e assistenza"
http://www.admo.it,"associazione di donatori"
http://www.adottando.it/,"Protezione civile"
http://www.adottando.it/,Volontariato
http://www.agd-bo.net/it/,"associazione di donatori"
http://www.agd-bo.net/it/,musica
http://www.agevolando.org/,"Arte e cultura"
http://www.agevolando.org/,Donne
http://www.agevolando.org/,Famiglia
http://www.agevolando.org/,"Recupero e assistenza"
http://www.agevolando.org/,Volontariato
http://www.agices.org,"commercio equo-solidale"
http://www.agrsci.unibo.it/umi/,musica
http://www.aiasbo.it,"Disabili e Handicap"
http://www.aiasbo.it,"Recupero e assistenza"
http://www.aiasbo.it/,"Disabili e Handicap"
http://www.aiasbo.it/,"Recupero e assistenza"
http://www.aiasport.it,sport
http://www.aiasport.it/,sport
http://www.aiccon.it,"commercio equo-solidale"
http://www.aiccon.it,Lavoro
http://www.aiccon.it,musica
http://www.aiditalia.org,"Istruzione e sostegno"
http://www.aido.it,"associazione di donatori"
http://www.aifo.it/,"Protezione civile"
http://www.aifo.it/,"Ricerca scientifica"
http://www.aifo.it/,"Tutela dei cittadini"
http://www.aifo.it/,Volontariato
http://www.aihip.org,Medicina
http://www.aispaitalia.it/,"associazione di donatori"
http://www.aispaitalia.it/,"Disabili e Handicap"
http://www.aispaitalia.it/,Medicina
http://www.aispaitalia.it/,"Recupero e assistenza"
http://www.aispaitalia.it/,"Ricerca scientifica"
http://www.aispaitalia.it/,"Tutela dei cittadini"
http://www.alicebologna.it,"associazione di donatori"
http://www.alzheimer-aimabologna.org,"Disabili e Handicap"
http://www.alzheimer-aimabologna.org,"Recupero e assistenza"
http://www.amache-bahia.it,"commercio equo-solidale"
http://www.amaci.it,"associazione di donatori"
http://www.amaci.it,"Disabili e Handicap"
http://www.amaci.it,"Recupero e assistenza"
http://www.amaci.it,"Ricerca scientifica"
http://www.amaci.it,"Tutela dei cittadini"
http://www.amicideipopoli.org,Lavoro
http://www.amicidiluca.it,"Ricerca scientifica"
http://www.amnestybologna.it/,Donne
http://www.amnestybologna.it/,"Tutela dei cittadini"
http://www.amrer.it,"associazione di donatori"
http://www.amrer.it,"Disabili e Handicap"
http://www.amrer.it,"Recupero e assistenza"
http://www.amrer.it,"Tutela dei cittadini"
http://www.anastasis.it/,"Istruzione e sostegno"
http://www.anatroccolorosa.it,"Istruzione e sostegno"
http://www.andromeda-bo.it/index.htm,"associazione di donatori"
http://www.andromeda-bo.it/index.htm,"Disabili e Handicap"
http://www.andromeda-bo.it/index.htm,"Protezione civile"
http://www.andromeda-bo.it/index.htm,"Recupero e assistenza"
http://www.andromeda-bo.it/index.htm,"Tutela dei cittadini"
http://www.aned-onlus.it,"associazione di donatori"
http://www.anglat.it,"Istruzione e sostegno"
http://www.anglat.it,Medicina
http://www.aniepnazionale.it/,"Arte e cultura"
http://www.aniepnazionale.it/,Medicina
http://www.anmb.net,musica
http://www.anmil.it/,"Protezione civile"
http://www.ant.it,"Ricerca scientifica"
http://www.ant.it,sport
http://www.antalpallavicini.org,"associazione di donatori"
http://www.antalpallavicini.org,sport
http://www.anticacomelemontagne.org,"Istruzione e sostegno"
http://www.anticacomelemontagne.org,musica
http://www.anticacomelemontagne.org,Spettacolo
http://www.antoniano.it,Donne
http://www.antoniano.it,"Recupero e assistenza"
http://www.antoniano.it,"Tutela dei minori e adozioni"
http://www.antoniano.it,Volontariato
http://www.antr.it,"associazione di donatori"
http://www.arabesquebologna.it,sport
http://www.arcibologna.it,Spettacolo
http://www.arteesalute.org,"Disabili e Handicap"
http://www.arteesalute.org,Spettacolo
http://www.arteportici.it,Medicina
http://www.arterego.org,musica
http://www.asiloineuropa.it,"Protezione civile"
http://www.asopen.it,sport
http://www.associazione-aliante.it,"Disabili e Handicap"
http://www.associazione-aliante.it,"Protezione civile"
http://www.associazione-aliante.it,"Recupero e assistenza"
http://www.associazione-aliante.it,Volontariato
http://www.associazione-aliante.it/,"Disabili e Handicap"
http://www.associazione-aliante.it/,"Protezione civile"
http://www.associazione-aliante.it/,"Recupero e assistenza"
http://www.associazione-aliante.it/,Volontariato
http://www.associazioneaip.org,Donne
http://www.associazioneaip.org,"Recupero e assistenza"
http://www.associazioneaip.org,Volontariato
http://www.associazioneaquila.it/,"Disabili e Handicap"
http://www.associazioneaquila.it/,"Protezione civile"
http://www.associazioneaquila.it/,"Recupero e assistenza"
http://www.associazioneaquila.it/,"Tutela dei cittadini"
http://www.associazioneaquila.it/,Volontariato
http://www.associazionecomunicattive.org,Donne
http://www.associazionecomunicattive.org,sport
http://www.associazionecucciolo.it/,"associazione di donatori"
http://www.associazionediversamente.org,"Arte e cultura"
http://www.associazioneflux.it,"Arte e cultura"
http://www.associazioneiocisono.it/,"Disabili e Handicap"
http://www.associazioneiocisono.it/,Medicina
http://www.associazioneiocisono.it/,"Recupero e assistenza"
http://www.associazionenova.org/,"Tutela dei minori e adozioni"
http://www.associazionenovart.com,"Arte e cultura"
http://www.associazioneprogettohandicap.org/,"Disabili e Handicap"
http://www.associazioneumanamente.org,"Tutela dei cittadini"
http://www.associazioneumanamente.org,Volontariato
http://www.associazioneverbamanent.it,"Arte e cultura"
http://www.associazioneverbamanent.it,Lavoro
http://www.associazioneverbamanent.it,Volontariato
http://www.associazioneverbamanent.it/,"Arte e cultura"
http://www.associazioneverbamanent.it/,Lavoro
http://www.associazioneverbamanent.it/,Volontariato
http://www.astrofiliimolesi.it,"Arte e cultura"
http://www.astrofiliimolesi.it,"associazione di donatori"
http://www.astrofiliimolesi.it,Volontariato
http://www.astrofiliimolesi.it/,"Arte e cultura"
http://www.astrofiliimolesi.it/,"associazione di donatori"
http://www.astrofiliimolesi.it/,Volontariato
http://www.ausl.bologna.it,"associazione di donatori"
http://www.ausl.bologna.it,Medicina
http://www.avis.it,Volontariato
http://www.bancoartigiano.com/,"commercio equo-solidale"
http://www.beataverginedellegrazie.it/,"Recupero e assistenza"
http://www.bimbingamba.com/,"Istruzione e sostegno"
http://www.bimbotu.it,"Disabili e Handicap"
http://www.bimbotu.it,"Recupero e assistenza"
http://www.bimbotu.it,"Ricerca scientifica"
http://www.bimbotu.it/,"Disabili e Handicap"
http://www.bimbotu.it/,"Recupero e assistenza"
http://www.bimbotu.it/,"Ricerca scientifica"
http://www.bnbo.it,"Arte e cultura"
http://www.bnbo.it,"commercio equo-solidale"
http://www.bnbo.it,Donne
http://www.bnbo.it,Famiglia
http://www.bnbo.it,"Protezione civile"
http://www.bnbo.it,Spettacolo
http://www.bnbo.it,"Tutela dei cittadini"
http://www.bnbo.it,Volontariato
http://www.bo.cnr.it/,Medicina
http://www.bolognadue.it,"commercio equo-solidale"
http://www.bolognadue.it,Lavoro
http://www.bolognaltruista.org,Lavoro
http://www.bolognaltruista.org,Volontariato
http://www.bolognautostoriche.it/home.asp,Lavoro
http://www.bolognawelcome.com,"Ricerca scientifica"
http://www.burattodanza.com,sport
http://www.bvbo.it,Donne
http://www.bvbo.it,"Tutela dei cittadini"
http://www.cafedelapaixbologna.it,"commercio equo-solidale"
http://www.cafedelapaixbologna.it/,"commercio equo-solidale"
http://www.camerapenale-bologna.org/,Donne
http://www.camerapenale-bologna.org/,"Tutela dei cittadini"
http://www.candidamente.org,"Protezione civile"
http://www.candidamente.org,"Tutela degli animali"
http://www.candidamente.org,"Tutela dei cittadini"
http://www.candidamente.org/,"Protezione civile"
http://www.candidamente.org/,"Tutela degli animali"
http://www.candidamente.org/,"Tutela dei cittadini"
http://www.canto31.it,"Arte e cultura"
http://www.canto31.it,Lavoro
http://www.canto31.it,"Tutela degli animali"
http://www.carnevaledidecima.it,"Arte e cultura"
http://www.carnevaledidecima.it,musica
http://www.casadonne.it/,Donne
http://www.casagianni.net/Casa_Gianni/ASAT.html,Lavoro
http://www.cassero.it/,"Arte e cultura"
http://www.catgardeccia.it,musica
http://www.cdkl5.org,musica
http://www.cdkl5.org,"Ricerca scientifica"
http://www.centotrecento.it/,musica
http://www.centrocrocecoperta.it,musica
http://www.centrocrocecoperta.it,sport
http://www.centrocrocecoperta.it,Volontariato
http://www.centrocrocecoperta.it/,"Arte e cultura"
http://www.centroeuropauno.it,"Protezione civile"
http://www.centroeuropauno.it,Volontariato
http://www.centrogpdore.it,Famiglia
http://www.centrogpdore.it,"Istruzione e sostegno"
http://www.centromelograno.it/,sport
http://www.centrosandomenico.it,"associazione di donatori"
http://www.centrosandomenico.it,Volontariato
http://www.centrostudidonati.org/csd.html,"Arte e cultura"
http://www.ceunmondo.it,"commercio equo-solidale"
http://www.chiamasenegal.it,"associazione di donatori"
http://www.chiamasenegal.it,Donne
http://www.chicomendes.it,Volontariato
http://www.cimcoop.it/,Lavoro
http://www.cinetecadibologna.it/,"Arte e cultura"
http://www.cinetecadibologna.it/,"Istruzione e sostegno"
http://www.circolodellamusica.it,musica
http://www.circolotennisbologna.com/,sport
http://www.comune.castenaso.bo.it,Spettacolo
http://www.comunitasociale.it,"Tutela dei cittadini"
http://www.concordanze.com,musica
http://www.consorziosic.it/,Lavoro
http://www.consorziosic.it/,"Protezione civile"
http://www.consorziosic.it/,"Ricerca scientifica"
http://www.coopabantu.it/,"Disabili e Handicap"
http://www.coopabantu.it/,"Recupero e assistenza"
http://www.coopabantu.it/,"Tutela dei minori e adozioni"
http://www.cooparcadinoe.org/home.html,"Disabili e Handicap"
http://www.cooparcadinoe.org/home.html,Lavoro
http://www.cooparcadinoe.org/home.html,"Recupero e assistenza"
http://www.coopcroceazzurra.it/,Lavoro
http://WWW.COOPERATIVASOCIALEMONGHIDORO.COM,"commercio equo-solidale"
http://www.coopfanin.it/,"commercio equo-solidale"
http://www.coopfanin.it/,Lavoro
http://www.coopilpellicano.org,"Istruzione e sostegno"
http://www.cooplastrada.it/siamo.html,Lavoro
http://www.coordinamentovolontariatolame.org,"Protezione civile"
http://www.coorprociv.it,"Protezione civile"
http://www.copaps.it/,"Disabili e Handicap"
http://www.copaps.it/,Lavoro
http://www.copaps.it/,"Recupero e assistenza"
http://www.copernico.bo.it,musica
http://www.coralereno.altervista.org,musica
http://www.corosantospirito.it/,"Istruzione e sostegno"
http://www.corosantospirito.it/,musica
http://www.corotrepini.it,musica
http://www.cribo.it,"Istruzione e sostegno"
http://www.criticalshirts.org,"commercio equo-solidale"
http://www.croceitalia.it/,"Protezione civile"
http://www.croceitalia.it/,Volontariato
http://www.croceverdeer.com,Donne
http://www.croceverdeer.com,"Recupero e assistenza"
http://www.croceverdeer.com,sport
http://www.croceverdeer.com,Volontariato
http://www.cronacheinternazionali.com,"Arte e cultura"
http://www.cronacheinternazionali.com,Lavoro
http://www.cronacheinternazionali.com,"Protezione civile"
http://www.cronacheinternazionali.com,Volontariato
http://www.csapsa.it/1/,"commercio equo-solidale"
http://www.csapsa.it/1/,"Disabili e Handicap"
http://www.csapsa.it/1/,"Istruzione e sostegno"
http://www.csapsa.it/1/,Lavoro
http://www.csapsa.it/1/,"Recupero e assistenza"
http://www.csapsa.it/1/,"Tutela dei minori e adozioni"
http://www.csibologna.it/,sport
http://www.cvsbo.it/,"commercio equo-solidale"
http://www.danzaensemble.it,musica
http://www.danzaurbana.it,sport
http://www.dder.org,musica
http://www.diapason.bo.it,musica
http://www.dislessia.it,"Istruzione e sostegno"
http://www.doorstoballoon.it,musica
http://www.doorstoballoon.it,Spettacolo
http://www.dopodinoi.org/,"Istruzione e sostegno"
http://www.dopodinoi.org/,"Ricerca scientifica"
http://www.dryart.com,"Ricerca scientifica"
http://www.ecotronic.it,Lavoro
http://www.edscuola.it,"Istruzione e sostegno"
http://www.edscuola.it,"Ricerca scientifica"
http://www.educazionepermanente.it,musica
http://www.eksetra.net,"Arte e cultura"
http://www.eksetra.net,Donne
http://www.eksetra.net,"Tutela dei cittadini"
http://www.elenfant.com,"commercio equo-solidale"
http://www.elenfant.com,Spettacolo
http://www.ematbo.unibo.it,"associazione di donatori"
http://www.ematbo.unibo.it,Medicina
http://www.emi.it,"Istruzione e sostegno"
http://www.emi.it,"Tutela dei cittadini"
http://www.emiliaromagnateatro.com,Spettacolo
http://www.emiliaromagnateatro.com/,Spettacolo
http://www.endoassoc.it,"associazione di donatori"
http://www.erfestival.org,musica
http://www.erfestival.org,Spettacolo
http://www.esserdanzabologna.it,"Istruzione e sostegno"
http://www.etnografiadelpensiero.net,"Ricerca scientifica"
http://www.etnografiadelpensiero.net,"Tutela degli animali"
http://www.exaequo.bo.it,"commercio equo-solidale"
http://www.exaequo.bo.it/,"commercio equo-solidale"
http://www.fabiodabologna.it,musica
http://www.fanep.org/,"associazione di donatori"
http://www.fanep.org/,Medicina
http://www.farelavoro.it,"Istruzione e sostegno"
http://www.farelavoro.it,Lavoro
http://www.federamrare.altervista.org/,"associazione di donatori"
http://www.federamrare.altervista.org/,"Disabili e Handicap"
http://www.federamrare.altervista.org/,"Recupero e assistenza"
http://www.federamrare.altervista.org/,"Tutela dei cittadini"
http://www.federconsumatoribologna.it,"Tutela degli animali"
http://www.federgev.it/,"Protezione civile"
http://www.felsinei.com,Famiglia
http://www.fest-festival.net/,"Arte e cultura"
http://www.fest-festival.net/,musica
http://www.fest-festival.net/,Spettacolo
http://www.fidas-advs-bologna.org,"associazione di donatori"
http://www.filodarianna.net,"Arte e cultura"
http://www.flashgiovani.it,musica
http://www.flautomagico.it,musica
http://www.fondazionecarisbo.it/,"Arte e cultura"
http://www.fondazioneidea.org/,Medicina
http://www.fondazioneidea.org/,musica
http://www.forithanga.org/,"associazione di donatori"
http://www.forithanga.org/,Famiglia
http://www.forithanga.org/,"Tutela dei minori e adozioni"
http://www.forma-azioneinrete.it,Donne
http://www.forma-azioneinrete.it,"Recupero e assistenza"
http://www.forma-azioneinrete.it,"Tutela dei cittadini"
http://www.forma-azioneinrete.it,Volontariato
http://www.fossolo.it/,"Arte e cultura"
http://www.fourdoc.it,"Arte e cultura"
http://www.gimbeducation.it,"associazione di donatori"
http://www.gimbeducation.it,Volontariato
http://www.girorotondo.it,musica
http://www.globalaid.it,"associazione di donatori"
http://www.globalaid.it,Lavoro
http://www.globalaid.it,Volontariato
http://www.gravita-zero.org,"Ricerca scientifica"
http://www.gruppoceis.org,"Istruzione e sostegno"
http://www.gruppoelettrogeno.org,Spettacolo
http://www.grupponidiinfanzia.it,"Istruzione e sostegno"
http://www.gvc-italia.org,"Protezione civile"
http://www.gvc-italia.org/index.php,"Protezione civile"
http://www.idraonlus.it,"commercio equo-solidale"
http://www.idraonlus.it,Medicina
http://www.idraonlus.it,musica
http://www.idraonlus.it,"Protezione civile"
http://www.idraonlus.it,"Tutela dei cittadini"
http://www.idraonlus.it,"Tutela dei minori e adozioni"
http://www.idraonlus.it,Volontariato
http://www.ilbosco.net/,"Istruzione e sostegno"
http://www.ilgiornaledellaprotezionecivile.it,"Protezione civile"
http://www.ilmosaicocooperativa.com/,"Istruzione e sostegno"
http://www.ilmosaicocooperativa.com/,"Tutela dei cittadini"
http://www.ilpozzodelleidee.it,"Arte e cultura"
http://www.ilsognodistefano.it/,"associazione di donatori"
http://www.ilsognodistefano.it/,"Disabili e Handicap"
http://www.ilsognodistefano.it/,"Recupero e assistenza"
http://www.ilsognodistefano.it/,"Tutela dei cittadini"
http://www.iltemporale.it,Spettacolo
http://www.ilventagliodiorav.eu,"Arte e cultura"
http://www.imolabbracciosolidale.it/,"associazione di donatori"
http://www.imolabbracciosolidale.it/,"commercio equo-solidale"
http://www.imolafolklore.com,musica
http://www.imolafolklore.com,"Tutela degli animali"
http://www.informagiovani.fe.it,"Ricerca scientifica"
http://www.iniziativaparkinsoniani.it/,Donne
http://www.iniziativaparkinsoniani.it/,"Recupero e assistenza"
http://www.iniziativaparkinsoniani.it/,"Ricerca scientifica"
http://www.iniziativaparkinsoniani.it/,Volontariato
http://www.insalute.info,"Istruzione e sostegno"
http://www.inventatempo.it/,Spettacolo
http://www.iperput.org/,"Istruzione e sostegno"
http://www.iquattrocastelli.it,Lavoro
http://www.istitutograf.org,Medicina
http://www.istitutotincani.it,"Ricerca scientifica"
http://www.it2.it,Lavoro
http://www.italiacheraglia.com,"Arte e cultura"
http://www.italianaassistenza.it/,Donne
http://www.italianaassistenza.it/,"Recupero e assistenza"
http://www.italianaassistenza.it/,Volontariato
http://www.lacittaverde.coop/,Lavoro
http://www.lafraternita.com,"Volontariato e solidarietà"
http://www.laltrocaffe.it,"commercio equo-solidale"
http://www.larcenciel.it/,"commercio equo-solidale"
http://www.latino51.it,sport
http://www.latino51.it/,Musica
http://www.latino51.it/,Sport
http://www.latino51.it/,Volontariato
http://www.lavallazza.it,musica
http://www.leganavale.bo.it,sport
http://www.legatumoribologna.it/,Medicina
http://www.legatumoribologna.it/,musica
http://www.levocidellaluna.it,"Arte e cultura"
http://www.levocidellaluna.it,musica
http://www.levocidellaluna.it,"Tutela degli animali"
http://www.marconifilatelico.it,musica
http://www.marconifilatelico.it,Volontariato
http://www.mascellaro.info,"Arte e cultura"
http://www.mclbologna.it,Lavoro
http://www.mediazionefamiliare-cedim.it,Famiglia
http://www.mediazionefamiliare-cedim.it/,Famiglia
http://www.mediconadir.it,"commercio equo-solidale"
http://www.mediconadir.it,musica
http://www.mediconadir.it,sport
http://www.mediconadir.it,"Tutela dei minori e adozioni"
http://www.mercanzia.net,musica
http://www.mercanzia.net,"Tutela degli animali"
http://www.micromacchina.it,Lavoro
http://www.micromacchina.it,"Tutela dei cittadini"
http://www.migrazioni.eu/,"Tutela dei cittadini"
http://www.migrazioni.eu/,"Tutela dei minori e adozioni"
http://www.molinodelpallone.it,sport
http://www.montecatone.com/,"associazione di donatori"
http://www.montecatone.com/,Medicina
http://www.musicaindozza.it,musica
http://www.nonandremomaintv.it,sport
http://www.nonprofit.viainternet.org,Lavoro
http://www.noprofit.org,Lavoro
http://www.nuovamente.org,"associazione di donatori"
http://www.nuovamente.org,"Disabili e Handicap"
http://www.nuovamente.org,"Recupero e assistenza"
http://www.nuovamente.org,"Tutela dei cittadini"
http://www.oftaunibologna.it,Donne
http://www.oftaunibologna.it,"Istruzione e sostegno"
http://www.oftaunibologna.it,musica
http://www.oftaunibologna.it,"Recupero e assistenza"
http://www.oftaunibologna.it,Volontariato
http://www.opengroup.eu/,"Arte e cultura"
http://www.opengroup.eu/,"Disabili e Handicap"
http://www.opengroup.eu/,Lavoro
http://www.opengroup.eu/,"Recupero e assistenza"
http://www.opengroup.eu/,"Ricerca scientifica"
http://www.opimm.it/,Lavoro
http://www.orsicinesi.org,"Tutela degli animali"
http://www.orsicinesi.org,"Tutela dei cittadini"
http://www.ozzanesecalcio.com,sport
http://www.padri.it/,Famiglia
http://www.paginegialle.it,"commercio equo-solidale"
http://www.parrocchiadizolino.it,Lavoro
http://www.pattugliecittadine.it/,"Arte e cultura"
http://www.pattugliecittadine.it/,"Tutela dei cittadini"
http://www.percorsovitale.it,musica
http://www.perluca.it/,"Disabili e Handicap"
http://www.perluca.it/,"Recupero e assistenza"
http://www.pgsima.it,"Istruzione e sostegno"
http://www.piazzagrande.it,"Protezione civile"
http://www.piazzagrande.it,"Recupero e assistenza"
http://www.piazzagrande.it,"Tutela degli animali"
http://www.piazzagrande.it/,Lavoro
http://www.piccoligrandicuori.it/,Medicina
http://www.piccoligrandicuori.it/,Volontariato
http://www.piccoligrandicuori.it/,"Volontariato e solidarietà"
http://www.piccoloformato.it,musica
http://www.poggisub.it,"Protezione civile"
http://www.polisportivapaolopoggi.it,sport
http://www.pontevecchiobologna.it/,sport
http://www.porrettacinema.com,Spettacolo
http://www.postfiera.org/,"associazione di donatori"
http://www.preludio.org,musica
http://www.presidentbologna.it,Lavoro
http://www.progressocalcio.it,sport
http://www.prolocovilladaiano.it,Spettacolo
http://www.prolocozola.it,"Volontariato e solidarietà"
http://www.prolocozzano.it,"Arte e Cultura"
http://www.prolocozzano.it,"commercio equo-solidale"
http://www.prolocozzano.it,"Volontariato e solidarietà"
http://www.protezionecivile.fvg.it,"Protezione civile"
http://www.protezionecivile.gov.it,"Protezione civile"
http://www.provincia.re.it,"Protezione civile"
http://www.psicologiadellenarrazioni.it,"Istruzione e sostegno"
http://www.puntoequo.org,"commercio equo-solidale"
http://www.raggiungere.it/,"Ricerca scientifica"
http://www.ramazzini.org/,"Tutela degli animali"
http://www.rangersbologna.it/,"Disabili e Handicap"
http://www.rangersbologna.it/,Sport
http://www.rebertoldo.org,sport
http://www.remidabologna.it,"associazione di donatori"
http://www.remidabologna.it,"commercio equo-solidale"
http://www.remidabologna.it,Donne
http://www.remidabologna.it,"Istruzione e sostegno"
http://www.retinitepigmentosa.it/,Medicina
http://www.roccadeibentivoglio.it,"Arte e cultura"
http://www.saer.org/,"associazione di donatori"
http://www.saer.org/,Medicina
http://www.saer.org/,Volontariato
http://WWW.SANCRISTOFOROZZANO.ORG/,"Arte e cultura"
http://www.savenasettasambro.com,"Arte e cultura"
http://www.savenasettasambro.com,"associazione di donatori"
http://www.savethechildren.it,"associazione di donatori"
http://www.savethechildren.it,Donne
http://www.savethechildren.it,"Tutela dei cittadini"
http://www.savethechildren.it,Volontariato
http://www.schermaimola.it,sport
http://www.scoiattolo.org/,"Tutela degli animali"
http://www.scoutlamura.it,Donne
http://www.scoutlamura.it,Famiglia
http://www.scoutlamura.it,"Tutela dei cittadini"
http://WWW.SCUOLADIMUSICALEONARDBERNSTEIN.IT,"Istruzione e sostegno"
http://www.sdseducational.org,musica
http://www.sdseducational.org,Sport
http://www.selenecentrostudi.it,sport
http://www.senzaconfinitaly.com,"Arte e cultura"
http://www.settimadiminuita.it,"Arte e cultura"
http://www.shakti-ballando.com,sport
http://www.sindromedipoland.org/,"Protezione civile"
http://www.sindromedipoland.org/,Volontariato
http://www.societadolce.it/,"Istruzione e sostegno"
http://www.spartacusbologna.it,musica
http://www.spartacusbologna.it,sport
http://www.spaziolabo.it,musica
http://www.spmii.it/,musica
http://www.sportexperience.it/homew.asp,sport
http://www.stellanostra.com/,Donne
http://www.stellanostra.com/,"Istruzione e sostegno"
http://www.stellanostra.com/,"Protezione civile"
http://www.stellanostra.com/,"Tutela dei cittadini"
http://www.stellanostra.com/,Volontariato
http://www.studiosoundlab.com,musica
http://www.studistorici.com,"Istruzione e sostegno"
http://www.studistorici.com,"Ricerca scientifica"
http://www.studistorici.com,sport
http://www.succedesoloabologna.it,"Arte e cultura"
http://www.succedesoloabologna.it,Donne
http://www.succedesoloabologna.it,musica
http://www.succedesoloabologna.it,"Ricerca scientifica"
http://www.succedesoloabologna.it,Spettacolo
http://www.succedesoloabologna.it,"Tutela degli animali"
http://www.succedesoloabologna.it,"Tutela dei cittadini"
http://www.teatrodei25.jimdo.com,Spettacolo
http://www.teatrodelpratello.it,"Tutela dei minori e adozioni"
http://www.teatronecessario.it/,Spettacolo
http://www.teatronucleo.org,Spettacolo
http://www.testoniragazzi.it,"Arte e cultura"
http://www.testoniragazzi.it,"associazione di donatori"
http://www.testoniragazzi.it,Spettacolo
http://www.tutelanimalibologna.it,"Tutela degli animali"
http://www.tuttinsieme.org/,"Volontariato e solidarietà"
http://www.tuttinsieme.org/casa.htm,"Disabili e Handicap"
http://www.tuttinsieme.org/casa.htm,"Recupero e assistenza"
http://www.uicbologna.it/,"Protezione civile"
http://www.uildmbo.org/,"Arte e cultura"
http://www.uildmbo.org/,Donne
http://www.uildmbo.org/,Medicina
http://www.uildmbo.org/,"Recupero e assistenza"
http://www.uildmbo.org/,"Ricerca scientifica"
http://www.uispbologna.it,sport
http://www.univocbologna.it,"Disabili e Handicap"
http://www.univocbologna.it,"Recupero e assistenza"
http://www.univocbologna.it/,"Disabili e Handicap"
http://www.univocbologna.it/,Volontariato
http://www.unms.it/,Lavoro
http://www.unms.it/,"Protezione civile"
http://www.unms.it/,"Volontariato e solidarietà"
http://www.up.aci.it/bologna/,sport
http://www.uvapassa.org,"Tutela dei minori e adozioni"
http://www.valgattara.it,musica
http://www.videsitalia.it,Donne
http://www.videsitalia.it,"Protezione civile"
http://www.villabernaroli.it,"Recupero e assistenza"
http://www.villagetennisclub.it,sport
http://www.villatorchi.it/,"Recupero e assistenza"
http://www.villatorchi.it/,"Tutela dei minori e adozioni"
http://www.virtualcoop.net,Lavoro
http://www.virtualcoop.net,"Ricerca scientifica"
http://www.visibilia.org/,Donne
http://www.viveremeglio.org,"Disabili e Handicap"
http://www.viveremeglio.org,Famiglia
http://www.viveremeglio.org,"Istruzione e sostegno"
http://www.viveremeglio.org,Medicina
http://www.viveremeglio.org,"Recupero e assistenza"
http://www.viveremeglio.org,"Tutela dei cittadini"
http://www.viveresenzastomaco.org,Medicina
http://www.volabo.it,"associazione di donatori"
http://www.volabo.it,"commercio equo-solidale"
http://www.volabo.it,Lavoro
http://www.volabo.it,"Protezione civile"
http://www.volabo.it,Volontariato
http://www.volabo.it/,"associazione di donatori"
http://www.volabo.it/,"commercio equo-solidale"
http://www.volabo.it/,Lavoro
http://www.volabo.it/,"Protezione civile"
http://www.volabo.it/,Volontariato
http://www.volhand.it/,"Protezione civile"
http://www.volhand.it/,"Tutela dei cittadini"
http://www.volhand.it/,Volontariato
http://www.volontariminerva.it,"Protezione civile"
http://www.wehelpyou.it/,"associazione di donatori"
http://www.worlddiving.it,"Protezione civile"
http://www.worlddiving.it,sport
http://www.xing.it,musica
http://www.youkali.it/,"Arte e Cultura"
http://www.zerocento.coop/,Lavoro
https://ilprogettoalice.wordpress.com/,"Istruzione e sostegno"
https://ilprogettoalice.wordpress.com/,Lavoro
https://ilprogettoalice.wordpress.com/,"Ricerca scientifica"
https://isfbologna.wordpress.com/,Volontariato
https://poggeschiperilcarcere.wordpress.com/,"Tutela dei cittadini"
https://www.societadolce.it/,"Istruzione e sostegno"
