Sito,Timestamp
http://aeop.it,"2015-01-19 22:05:48"
http://agenzia.8m.com/,"2015-01-19 17:35:41"
http://amarevignola.wordpress.com,"2015-01-20 18:59:16"
http://aprimondo.centropoggeschi.org/,"2015-01-19 22:06:05"
http://assisla.it/,"2015-01-20 19:02:29"
http://associazionealtadefinizione.it/,"2015-01-20 19:02:35"
http://bologna.virgilio.it,"2015-01-19 22:06:46"
http://cooperativaquintoangolo.jimdo.com/,"2015-01-19 18:57:04"
http://coralereno.altervista.org/,"2015-01-19 22:06:48"
http://cultura.regione.emilia-romagna.it,"2015-01-18 19:13:50"
http://emilia-romagna.1254.it,"2015-01-18 19:14:03"
http://energym.info/site/,"2015-01-19 18:57:07"
http://equosolidale.it,"2015-01-20 19:02:41"
http://erlug.linux.it,"2015-01-20 19:02:52"
http://gambettola.1254.it,"2015-01-18 19:14:59"
http://ibc.regione.emilia-romagna.it,"2015-01-18 19:15:02"
http://ilbaobab.com/,"2015-01-19 18:57:12"
http://ilventagliodiorav.eu/,"2015-01-20 19:03:07"
http://italia.bakeca.it,"2015-01-19 22:07:00"
http://lechiavidicasa.org/,"2015-01-20 19:03:14"
http://neidanitalia.wordpress.com/,"2015-01-20 19:03:24"
http://nuke.fidas-advs-bologna.org,"2015-01-20 19:03:34"
http://protezionecivile.regione.emilia-romagna.it,"2015-01-19 22:07:03"
http://riunite.eu,"2015-01-20 19:03:54"
http://rivista.ibc.regione.emilia-romagna.it,"2015-01-18 19:16:20"
http://sayes.volabo.it,"2015-01-19 19:46:42"
http://scuola.regione.emilia-romagna.it,"2015-01-18 19:16:22"
http://sindromediangelman.org/,"2015-01-20 19:04:44"
http://sociale.regione.emilia-romagna.it,"2015-01-18 19:16:24"
http://teatrodellargine.org/,"2015-01-19 18:57:19"
http://vag61.noblogs.org/,"2015-01-20 19:04:53"
http://web.tiscali.it/agostiniani/,"2015-01-20 19:04:56"
http://www.abcsociale.it,"2015-01-20 19:27:14"
http://www.accaparlante.it/,"2015-01-19 17:35:47"
http://www.aclibo.it,"2015-01-20 19:05:04"
http://www.acliemiliaromagna.it,"2015-01-20 19:27:19"
http://www.acmt-rete.it/index.html,"2015-01-20 19:05:12"
http://www.acnepoti.it,"2015-01-20 19:27:24"
http://www.acquablu.altervista.org/,"2015-01-20 19:05:14"
http://www.acquadela.it,"2015-01-20 19:27:30"
http://www.acquadela.it/,"2015-01-20 19:06:24"
http://www.acquaditerraterradiluna.com,"2015-01-20 19:27:41"
http://www.admo.it,"2015-01-20 19:06:31"
http://www.admoemiliaromagna.it,"2015-01-20 19:06:35"
http://www.africaemediterraneo.it/,"2015-01-19 22:07:05"
http://www.agd-bo.net/it/,"2015-01-20 19:07:06"
http://www.ageop.org,"2015-01-20 19:07:16"
http://www.agescibologna.it,"2015-01-20 19:27:51"
http://www.agevolando.org/,"2015-01-19 22:07:12"
http://www.agices.org,"2015-01-20 19:07:22"
http://www.agrsci.unibo.it/umi/,"2015-01-20 19:27:54"
http://www.aiasbo.it/,"2015-01-19 17:36:00"
http://www.aiasport.it,"2015-01-20 19:28:11"
http://www.aiasport.it/,"2015-01-19 22:07:24"
http://www.aiccon.it,"2015-01-20 19:07:25"
http://www.aice-epilessia.it,"2015-01-20 19:07:28"
http://www.aicsbologna.it,"2015-01-20 19:28:17"
http://www.aicsbologna.it/,"2015-01-20 19:07:38"
http://www.aicser.altervista.org,"2015-01-20 19:28:21"
http://www.aiditalia.org,"2015-01-20 19:07:51"
http://www.aido.it,"2015-01-20 19:07:55"
http://www.aifo.it/,"2015-01-19 17:36:10"
http://www.aihip.org,"2015-01-20 19:28:28"
http://www.ailbologna.it,"2015-01-19 19:46:54"
http://www.aism.bo.it,"2015-01-20 19:07:59"
http://www.aism.bo.it/,"2015-01-19 22:07:25"
http://www.al3teste.com/,"2015-01-19 22:07:32"
http://www.alicebologna.it,"2015-01-20 19:08:04"
http://www.altercoop.it/,"2015-01-19 18:57:23"
http://www.amache-bahia.it,"2015-01-20 19:08:12"
http://www.amaci.it,"2015-01-20 19:08:18"
http://www.amicidigiana.org,"2015-01-20 19:28:36"
http://www.amicidiluca.it,"2015-01-20 19:08:27"
http://www.amicidimagu.org,"2015-01-20 19:08:29"
http://www.amnestybologna.it/,"2015-01-20 19:08:38"
http://www.amrer.it,"2015-01-20 19:08:43"
http://www.anatroccolorosa.it,"2015-01-20 19:28:44"
http://www.ancoraservizi.it,"2015-01-19 17:36:14"
http://www.ancoraservizi.it/,"2015-01-19 18:57:31"
http://www.andycooper.it,"2015-01-19 18:57:39"
http://www.aned-onlus.it,"2015-01-20 19:08:58"
http://www.anedbo.it,"2015-01-20 19:28:49"
http://www.anffasbo.info,"2015-01-20 19:28:50"
http://www.anglat.it,"2015-01-20 19:09:02"
http://www.aniepnazionale.it/,"2015-01-20 19:09:16"
http://www.anmb.net,"2015-01-18 19:23:46"
http://www.anmigcomitatocentrale.com/,"2015-01-20 19:09:19"
http://www.anmil.it/,"2015-01-20 19:10:23"
http://www.anpasemiliaromagna.org/,"2015-01-19 17:36:19"
http://www.anpvionlus.it/,"2015-01-20 19:10:27"
http://www.ant.it,"2015-01-20 19:11:30"
http://www.antalpallavicini.org,"2015-01-20 19:29:16"
http://www.anticacomelemontagne.org,"2015-01-20 19:29:31"
http://www.antoniano.it,"2015-01-19 22:07:34"
http://www.antr.it,"2015-01-20 19:11:55"
http://www.aosp.bo.it,"2015-01-19 22:07:39"
http://www.arabesquebologna.it,"2015-01-20 19:29:38"
http://www.arcibologna.it,"2015-01-19 19:47:05"
http://www.arcoiriscoop.it/,"2015-01-19 18:57:43"
http://www.arteesalute.org,"2015-01-20 19:30:33"
http://www.arteportici.it,"2015-01-20 19:30:35"
http://www.arterego.org,"2015-01-20 19:12:19"
http://www.ascbologna.it/,"2015-01-20 19:12:29"
http://www.ascer.it,"2015-01-20 19:30:47"
http://www.asiloineuropa.it,"2015-01-20 19:31:01"
http://www.asitoi.it/,"2015-01-20 19:12:35"
http://www.asopen.it,"2015-01-20 19:31:14"
http://www.aspbologna.it/,"2015-01-20 17:28:55"
http://www.asphi.it/,"2015-01-20 19:12:43"
http://www.ass-coop.it,"2015-01-19 18:57:46"
http://www.associazione-aliante.it/,"2015-01-20 19:12:46"
http://www.associazione-nema.it,"2015-01-20 19:31:20"
http://www.associazioneaip.org,"2015-01-19 17:35:51"
http://www.associazionecomunicattive.org,"2015-01-20 19:31:30"
http://www.associazionecucciolo.it/,"2015-01-20 19:13:05"
http://www.associazionediversamente.org,"2015-01-20 19:31:48"
http://www.associazioneflux.it,"2015-01-20 19:31:54"
http://www.associazioneiocisono.it/,"2015-01-20 19:13:02"
http://www.associazionemargherita.org/,"2015-01-19 22:07:40"
http://www.associazionenovart.com,"2015-01-20 19:32:06"
http://www.associazioneumanamente.org,"2015-01-20 19:32:16"
http://www.associazioneverbamanent.it/,"2015-01-19 22:07:45"
http://www.assonanza.it,"2015-01-18 19:16:47"
http://www.astrofiliimolesi.it,"2015-01-20 19:32:20"
http://www.astrofiliimolesi.it/,"2015-01-19 17:36:01"
http://www.atcomonline.it,"2015-01-20 19:13:08"
http://www.ater.emr.it,"2015-01-18 19:17:07"
http://www.attisonori.it,"2015-01-20 19:32:23"
http://www.auserimola.it,"2015-01-20 19:32:37"
http://www.ausilioteca.org/,"2015-01-19 17:36:03"
http://www.ausl.bologna.it,"2015-01-20 19:13:16"
http://www.avis.it,"2015-01-19 22:07:48"
http://www.bancoalimentare.it/index.php,"2015-01-19 22:07:59"
http://www.bancoartigiano.com/,"2015-01-20 19:13:32"
http://www.beataverginedellegrazie.it/,"2015-01-19 18:58:03"
http://www.bimbingamba.com/,"2015-01-19 22:08:04"
http://www.bimbotu.it,"2015-01-19 22:08:10"
http://www.bimbotu.it/,"2015-01-19 22:07:04"
http://www.bnbo.it,"2015-01-20 19:13:37"
http://www.bo.arci.it/,"2015-01-20 19:13:51"
http://www.bo.cnr.it/,"2015-01-20 19:13:55"
http://www.bolognabruxelles.com,"2015-01-20 19:33:06"
http://www.bolognadue.it,"2015-01-20 19:33:12"
http://www.bolognafutsal.it/,"2015-01-20 19:14:02"
http://www.bolognaltruista.org,"2015-01-19 19:47:12"
http://www.bolognautostoriche.it/home.asp,"2015-01-20 19:14:08"
http://www.bolognawelcome.com,"2015-01-19 22:07:17"
http://www.buddhism.it,"2015-01-20 19:33:53"
http://www.burattodanza.com,"2015-01-20 19:34:01"
http://www.bvbo.it,"2015-01-20 19:34:04"
http://www.cadiai.it/,"2015-01-19 18:58:08"
http://www.cadibalia.it,"2015-01-20 19:14:13"
http://www.cafedelapaixbologna.it,"2015-01-20 19:15:03"
http://www.cafedelapaixbologna.it/,"2015-01-19 18:58:26"
http://www.cai-imola.it,"2015-01-20 19:34:09"
http://www.camerapenale-bologna.org/,"2015-01-20 19:16:37"
http://www.campmiticovilla.com,"2015-01-20 19:34:20"
http://www.campusadriani.it,"2015-01-20 19:34:23"
http://www.candidamente.org,"2015-01-20 19:40:54"
http://www.candidamente.org/,"2015-01-19 22:07:26"
http://www.canto31.it,"2015-01-20 19:27:19"
http://www.caracult.it,"2015-01-20 19:27:23"
http://www.carcieriemiliaromagna.it,"2015-01-20 19:23:01"
http://www.carnevaledidecima.it,"2015-01-20 19:27:34"
http://www.casabase.info/,"2015-01-19 18:58:34"
http://www.casagianni.net/Casa_Gianni/ASAT.html,"2015-01-19 18:57:04"
http://www.casalecchioinsiemeproloco.org,"2015-01-20 19:27:39"
http://www.casasantachiara.it/,"2015-01-20 19:19:00"
http://www.cassero.it/,"2015-01-20 19:19:10"
http://www.catgardeccia.it,"2015-01-20 19:28:55"
http://www.cavazza.it/,"2015-01-20 19:19:43"
http://www.ccsvi-sm.info/,"2015-01-20 19:19:49"
http://www.cefaonlus.it,"2015-01-19 17:36:15"
http://www.centotrecento.it/,"2015-01-19 22:07:37"
http://www.centrisocioculturali.it,"2015-01-20 19:09:06"
http://www.centroantartide.it/,"2015-01-19 22:07:45"
http://www.centrocabral.com/,"2015-01-20 19:20:01"
http://www.centroeuropauno.it,"2015-01-20 19:29:15"
http://www.centrogpdore.it,"2015-01-20 19:29:21"
http://www.centromanfredini.it,"2015-01-20 19:29:24"
http://www.centrosandomenico.it,"2015-01-20 19:20:05"
http://www.centrosocialefuno.it,"2015-01-20 19:29:27"
http://www.centrosocialezolino.it,"2015-01-20 19:29:32"
http://www.centrostudidonati.org/csd.html,"2015-01-20 19:20:09"
http://www.ceps.it/,"2015-01-20 19:22:02"
http://www.cesnur.com,"2015-01-20 19:22:18"
http://www.ceunmondo.it,"2015-01-20 19:22:32"
http://www.chiamasenegal.it,"2015-01-20 19:29:35"
http://www.chicomendes.it,"2015-01-20 19:00:07"
http://www.cidesbo.it,"2015-01-20 18:59:32"
http://www.cimcoop.it/,"2015-01-19 18:57:16"
http://www.circolodellamusica.it,"2015-01-20 19:29:55"
http://www.circolodozza.it,"2015-01-20 19:22:39"
http://www.circolofotograficosviola.it,"2015-01-20 19:22:46"
http://www.circolotennisbologna.com/,"2015-01-20 19:22:54"
http://www.cittadinanzattiva-er.it,"2015-01-20 19:30:02"
http://www.clubsupermarathon.it,"2015-01-20 19:23:04"
http://www.comune.modena.it,"2015-01-18 20:02:07"
http://www.comune.rimini.it,"2015-01-18 19:33:51"
http://www.comunitasociale.it,"2015-01-20 19:30:26"
http://www.concordanze.com,"2015-01-20 19:30:36"
http://www.consorziosic.it/,"2015-01-19 18:57:20"
http://www.coopabantu.it/,"2015-01-19 18:57:21"
http://www.coopada.it/,"2015-01-19 18:57:31"
http://www.coopagriverde.it,"2015-01-19 18:57:33"
http://www.cooparcadinoe.org/home.html,"2015-01-20 19:30:51"
http://www.coopas.it/,"2015-01-19 18:57:49"
http://www.coopaxia.it/index.php,"2015-01-19 18:57:53"
http://www.coopcroceazzurra.it/,"2015-01-19 18:57:59"
http://www.cooperativapictor.it/,"2015-01-20 19:30:55"
http://www.cooperativasammartini.it/,"2015-01-19 18:58:10"
http://www.cooperativasocialealveare.it,"2015-01-19 18:58:11"
http://WWW.COOPERATIVASOCIALEMONGHIDORO.COM,"2015-01-19 18:58:13"
http://www.coopfanin.it/,"2015-01-19 18:58:16"
http://www.coopilpellicano.org,"2015-01-19 18:58:42"
http://www.cooplastrada.it/,"2015-01-19 18:58:43"
http://www.cooplastrada.it/siamo.html,"2015-01-19 19:36:19"
http://www.coopoasis.com/,"2015-01-19 18:58:46"
http://www.coopsocialeanima.it/,"2015-01-19 18:58:51"
http://www.coopsollievo.it/,"2015-01-19 18:58:53"
http://www.coorprociv.it,"2015-01-19 22:08:14"
http://www.copaps.it/,"2015-01-19 18:58:54"
http://www.copernico.bo.it,"2015-01-20 19:31:04"
http://www.coralereno.altervista.org,"2015-01-20 19:31:06"
http://www.coroathena.it,"2015-01-20 19:31:11"
http://www.corosantospirito.it/,"2015-01-18 19:13:58"
http://www.corotrepini.it,"2015-01-18 19:13:59"
http://www.creativi108.it,"2015-01-20 19:31:19"
http://www.cribo.it,"2015-01-19 22:08:20"
http://www.criticalshirts.org,"2015-01-20 19:31:22"
http://www.croceservizi.com/,"2015-01-19 18:58:55"
http://www.croceverdeer.com,"2015-01-19 18:59:02"
http://www.cronacheinternazionali.com,"2015-01-20 19:31:27"
http://www.csapsa.it/1/,"2015-01-19 18:59:10"
http://www.csibologna.it/,"2015-01-18 19:14:42"
http://www.cvpuntamarina.com/,"2015-01-18 19:15:31"
http://www.daicrocicchi.coop/,"2015-01-19 18:59:18"
http://www.danzaensemble.it,"2015-01-20 19:32:23"
http://www.danzaurbana.it,"2015-01-18 19:16:24"
http://www.dder.org,"2015-01-20 19:32:32"
http://www.dedalusbologna.it/,"2015-01-19 22:08:24"
http://www.deesi.org,"2015-01-20 19:32:47"
http://www.deliagennari.it/index.html,"2015-01-20 19:32:52"
http://www.diapason.bo.it,"2015-01-20 19:33:07"
http://www.dislessia.it,"2015-01-20 19:33:15"
http://www.divefun.it/,"2015-01-18 19:17:08"
http://www.doorstoballoon.it,"2015-01-20 19:33:19"
http://www.dopodinoi.org/,"2015-01-19 22:08:33"
http://www.dryart.com,"2015-01-20 19:33:31"
http://www.ecotronic.it,"2015-01-19 18:59:21"
http://www.edscuola.it,"2015-01-20 19:33:41"
http://www.educarecrescere.it,"2015-01-19 18:59:24"
http://www.educazionepermanente.it,"2015-01-20 19:33:44"
http://www.eksetra.net,"2015-01-20 19:34:19"
http://www.elenfant.com,"2015-01-20 19:34:24"
http://www.ematbo.unibo.it,"2015-01-20 19:34:31"
http://www.emi.it,"2015-01-19 17:36:34"
http://www.emiliaromagnateatro.com,"2015-01-18 19:33:38"
http://www.emiliaromagnateatro.com/,"2015-01-18 19:33:22"
http://www.endoassoc.it,"2015-01-20 19:34:39"
http://www.entenazionale.it,"2015-01-20 19:34:42"
http://www.eremodironzano.it,"2015-01-20 19:34:47"
http://www.erfestival.org,"2015-01-20 19:34:52"
http://www.esserdanzabologna.it,"2015-01-20 19:34:58"
http://www.etnografiadelpensiero.net,"2015-01-20 19:35:10"
http://www.exaequo.bo.it,"2015-01-20 19:35:19"
http://www.exaequo.bo.it/,"2015-01-19 18:59:26"
http://www.fabiodabologna.it,"2015-01-20 19:35:23"
http://www.fanep.org/,"2015-01-20 19:35:41"
http://www.farelavoro.it,"2015-01-20 19:35:51"
http://www.faremondi.it/,"2015-01-19 18:59:31"
http://www.farlottine.it,"2015-01-19 18:59:34"
http://www.fattoriabilita.it,"2015-01-19 18:59:42"
http://www.federamrare.altervista.org/,"2015-01-20 19:27:07"
http://www.federconsumatoribologna.it,"2015-01-20 19:27:51"
http://www.felsinei.com,"2015-01-20 19:28:01"
http://www.ferraramusica.it/,"2015-01-18 19:32:10"
http://www.fest-festival.net/,"2015-01-20 19:03:39"
http://www.fidas-advs-bologna.org,"2015-01-19 22:06:59"
http://www.filodarianna.net,"2015-01-20 19:28:09"
http://www.flashgiovani.it,"2015-01-19 22:07:09"
http://www.flautomagico.it,"2015-01-18 19:30:44"
http://www.focusd.org,"2015-01-20 19:30:03"
http://www.fogolarbologna.it,"2015-01-20 19:30:07"
http://www.fondazionegualandi.it/,"2015-01-20 19:04:04"
http://www.fondazioneitaca.org/,"2015-01-20 19:04:08"
http://www.forma-azioneinrete.it,"2015-01-20 19:30:11"
http://www.fossolo.it/,"2015-01-20 19:04:34"
http://www.fourdoc.it,"2015-01-20 19:30:22"
http://www.francescofranciabasket.it,"2015-01-20 19:30:35"
http://www.gimbeducation.it,"2015-01-20 19:04:40"
http://www.ginnasticapersicetana.com,"2015-01-20 19:30:55"
http://www.giovanicreativi108.com,"2015-01-20 19:31:01"
http://www.giovanirilegatori.it/,"2015-01-19 18:59:45"
http://www.girorotondo.it,"2015-01-20 19:31:04"
http://www.girotondo-online.com,"2015-01-20 19:31:20"
http://www.gliannintasca.com,"2015-01-20 19:31:28"
http://www.globalaid.it,"2015-01-19 18:58:36"
http://www.gplongara.it,"2015-01-20 19:31:31"
http://www.gravita-zero.org,"2015-01-20 19:04:55"
http://www.gruppoceis.org,"2015-01-20 19:04:59"
http://www.gruppoelettrogeno.org,"2015-01-20 19:32:14"
http://www.grupponidiinfanzia.it,"2015-01-20 19:32:45"
http://www.gruppoyoda.org,"2015-01-19 19:46:51"
http://www.gsriale.it,"2015-01-20 19:32:52"
http://www.gvc-italia.org,"2015-01-19 19:46:54"
http://www.gvc-italia.org/index.php,"2015-01-19 22:07:11"
http://www.happytrailmtb.it,"2015-01-20 19:05:09"
http://www.ideafamiglia.it,"2015-01-20 19:33:32"
http://www.ideavolley.it,"2015-01-20 19:33:43"
http://www.ilbosco.net/,"2015-01-20 19:05:11"
http://www.ilgiornaledellaprotezionecivile.it,"2015-01-19 22:07:33"
http://www.ilmartinpescatore.org,"2015-01-19 17:36:34"
http://www.ilmosaicocooperativa.com/,"2015-01-19 18:58:45"
http://www.ilpaddock.org/Homepage.html,"2015-01-20 19:33:57"
http://www.ilpozzodelleidee.it,"2015-01-20 19:34:10"
http://www.ilsognodistefano.it/,"2015-01-20 19:34:23"
http://www.iltemporale.it,"2015-01-20 19:34:32"
http://www.ilventagliodiorav.eu,"2015-01-20 19:34:41"
http://www.imolabbracciosolidale.it/,"2015-01-20 19:34:51"
http://www.imolafolklore.com,"2015-01-20 19:34:58"
http://www.in-formazione.org/,"2015-01-19 18:58:55"
http://www.incauti.org,"2015-01-20 19:35:01"
http://www.info-bo.it/,"2015-01-20 19:35:21"
http://www.informagiovani.fe.it,"2015-01-18 19:21:39"
http://www.iniziativaparkinsoniani.it/,"2015-01-20 19:35:35"
http://www.insalute.info,"2015-01-20 19:35:42"
http://www.insiemeper.bo.it/,"2015-01-19 18:59:00"
http://www.inventatempo.it/,"2015-01-19 18:59:02"
http://www.iperput.org/,"2015-01-20 19:35:56"
http://www.iquattrocastelli.it,"2015-01-19 18:59:21"
http://www.istitutograf.org,"2015-01-20 19:36:11"
http://www.istitutotincani.it,"2015-01-20 19:36:14"
http://www.it2.it,"2015-01-19 18:59:32"
http://www.italiacheraglia.com,"2015-01-20 19:36:26"
http://www.italianaassistenza.it/,"2015-01-19 18:59:40"
http://www.italo-americana.org,"2015-01-20 19:36:28"
http://www.kaleidoscopefactory.eu,"2015-01-20 19:36:31"
http://www.lacittaverde.coop/,"2015-01-19 18:59:51"
http://www.lafraternita.com,"2015-01-20 19:36:58"
http://www.laltrocaffe.it,"2015-01-19 19:07:55"
http://www.lalunanelpozzo.org,"2015-01-20 19:37:00"
http://www.lamusicainterna.it,"2015-01-18 19:13:54"
http://www.lanostraafrica.it,"2015-01-19 22:07:37"
http://www.larok.org,"2015-01-20 19:37:07"
http://www.latino51.it,"2015-01-20 19:37:15"
http://www.latino51.it/,"2015-01-20 19:37:24"
http://www.lavallazza.it,"2015-01-20 19:37:26"
http://www.lazzaretto.org,"2015-01-20 19:37:28"
http://www.LECASEDIDANIELE.ORG,"2015-01-20 19:37:30"
http://www.legambientebologna.org/,"2015-01-19 22:07:41"
http://www.leganavale.bo.it,"2015-01-20 19:37:48"
http://www.lequercedi.it,"2015-01-20 19:37:53"
http://www.levocidellaluna.it,"2015-01-20 19:37:58"
http://www.liberomondo.org,"2015-01-20 19:38:01"
http://www.libertasassistenza.it/,"2015-01-19 18:59:56"
http://www.link.bo.it,"2015-01-20 19:38:11"
http://www.marconifilatelico.it,"2015-01-20 19:38:29"
http://www.mascellaro.info,"2015-01-20 19:38:34"
http://www.mclbologna.it,"2015-01-20 19:38:39"
http://www.mediazionefamiliare-cedim.it,"2015-01-20 19:38:43"
http://www.mediazionefamiliare-cedim.it/,"2015-01-20 19:38:47"
http://www.medicivitas.it,"2015-01-20 19:38:54"
http://www.menovelocitapiuvita.com,"2015-01-20 19:38:57"
http://www.mercanzia.net,"2015-01-20 19:38:59"
http://www.microimpresa.org,"2015-01-20 19:27:10"
http://www.micromacchina.it,"2015-01-20 19:27:14"
http://www.migrazioni.eu/,"2015-01-20 19:27:20"
http://www.mikrokosmos-cm.it,"2015-01-20 19:27:26"
http://www.molinodelpallone.it,"2015-01-20 19:27:28"
http://www.mondoerre.it,"2015-01-20 19:27:33"
http://www.montecatone.com/,"2015-01-20 19:27:40"
http://www.montesolebikegroup.it,"2015-01-20 19:27:43"
http://www.msgassociation.org,"2015-01-20 19:27:53"
http://www.musicaindozza.it,"2015-01-20 19:28:09"
http://www.nextgenerationitaly.tk,"2015-01-20 19:28:16"
http://www.noinsiemeascherazad.it/,"2015-01-20 19:28:19"
http://www.nonandremomaintv.it,"2015-01-20 19:28:23"
http://www.nonprofit.viainternet.org,"2015-01-20 19:28:27"
http://www.noprofit.org,"2015-01-19 22:07:43"
http://www.nuovamente.org,"2015-01-20 19:28:33"
http://www.oftaunibologna.it,"2015-01-20 19:28:41"
http://www.onlus-harambee.com,"2015-01-20 19:28:47"
http://www.opengroup.eu/,"2015-01-19 19:00:15"
http://www.opimm.it/,"2015-01-20 19:29:11"
http://www.orsicinesi.org,"2015-01-20 19:29:23"
http://www.ozzanesecalcio.com,"2015-01-20 19:29:26"
http://www.pacb.it,"2015-01-19 19:46:59"
http://www.paginebianche.it,"2015-01-19 22:07:48"
http://www.panicarte.com,"2015-01-20 19:29:36"
http://www.parrocchiadizolino.it,"2015-01-20 19:29:39"
http://www.passopasso.it/,"2015-01-20 19:29:53"
http://www.pasta-granarolo.net,"2015-01-20 19:29:58"
http://www.patbologna.it/,"2015-01-20 19:10:31"
http://www.percorsimentecorpo.vpsite.it,"2015-01-20 19:26:50"
http://www.percorsovitale.it,"2015-01-20 19:30:04"
http://www.perindbo.org,"2015-01-19 22:07:01"
http://www.perluca.it/,"2015-01-19 19:00:17"
http://www.pgsima.it,"2015-01-20 19:30:22"
http://www.piazzagrande.it/,"2015-01-19 22:07:10"
http://www.piccoligrandicuori.it/,"2015-01-20 19:10:52"
http://www.piccoloformato.it,"2015-01-20 19:30:34"
http://www.poggisub.it,"2015-01-19 22:07:13"
http://www.polisportivaondablu.it,"2015-01-20 19:30:41"
http://www.polisportivapaolopoggi.it,"2015-01-19 22:07:21"
http://www.polisportivazola.it,"2015-01-20 19:30:51"
http://www.pontevecchiobologna.it/,"2015-01-19 21:38:00"
http://www.porrettacinema.com,"2015-01-20 19:31:06"
http://www.postfiera.org/,"2015-01-20 19:11:05"
http://www.preludio.org,"2015-01-20 19:11:11"
http://www.presidentbologna.it,"2015-01-20 19:31:16"
http://www.primola.it,"2015-01-20 19:31:19"
http://www.progettosquola.it,"2015-01-20 19:31:24"
http://www.progressocalcio.it,"2015-01-20 19:31:54"
http://www.prolocobadi.it,"2015-01-20 19:31:59"
http://WWW.PROLOCOBUDRIO.IT,"2015-01-20 19:32:09"
http://www.prolocodicrevalcore.it,"2015-01-20 19:32:14"
http://www.prolocomedicina.net,"2015-01-20 19:32:22"
http://www.prolocomolinella.it,"2015-01-20 19:32:25"
http://www.prolocovilladaiano.it,"2015-01-20 19:32:36"
http://www.prolocozola.it,"2015-01-20 19:32:43"
http://www.prolocozzano.it,"2015-01-20 19:32:53"
http://www.prontoimprese.it,"2015-01-19 22:07:27"
http://www.proriola.com,"2015-01-20 19:32:56"
http://www.protezionecivile.bo.it,"2015-01-19 22:07:29"
http://www.protezionecivile.fvg.it,"2015-01-19 22:07:31"
http://www.protezionecivile.gov.it,"2015-01-19 22:09:18"
http://www.provincia.fc.it,"2015-01-19 22:09:31"
http://www.provincia.ra.it,"2015-01-18 19:13:55"
http://www.provincia.re.it,"2015-01-18 19:14:04"
http://www.psicologiadellenarrazioni.it,"2015-01-20 19:33:07"
http://www.puntoequo.org,"2015-01-20 19:11:29"
http://www.radioimmaginaria.it,"2015-01-20 19:33:33"
http://www.raggiungere.it/,"2015-01-20 19:11:38"
http://www.ramazzini.org/,"2015-01-19 19:00:27"
http://www.rangersbologna.it/,"2015-01-20 19:11:44"
http://www.rebertoldo.org,"2015-01-20 19:33:58"
http://www.regione.emilia-romagna.it,"2015-01-18 19:14:42"
http://www.regione.piemonte.it,"2015-01-19 22:09:13"
http://www.remidabologna.it,"2015-01-20 19:34:15"
http://www.retinitepigmentosa.it/,"2015-01-20 19:12:06"
http://www.roccadeibentivoglio.it,"2015-01-20 19:34:24"
http://www.roccadiroffeno.it,"2015-01-20 19:34:31"
http://www.romilia.it,"2015-01-20 19:27:09"
http://WWW.SANCRISTOFOROZZANO.ORG/,"2015-01-20 19:27:11"
http://www.savenasettasambro.com,"2015-01-20 19:27:19"
http://www.savethechildren.it,"2015-01-19 22:07:06"
http://www.schermaimola.it,"2015-01-20 19:27:33"
http://www.scholacantorumbazzano.it,"2015-01-20 19:27:36"
http://www.scoiattolo.org/,"2015-01-19 19:00:32"
http://www.scoutlamura.it,"2015-01-20 19:27:48"
http://WWW.SCUOLADIMUSICALEONARDBERNSTEIN.IT,"2015-01-20 19:27:51"
http://www.sdseducational.org,"2015-01-20 19:12:31"
http://www.seacoop.coop,"2015-01-19 19:00:33"
http://www.selenecentrostudi.it,"2015-01-20 19:28:13"
http://www.senzaconfinitaly.com,"2015-01-20 19:28:22"
http://www.senzailbanco.it,"2015-01-20 19:28:25"
http://www.settimadiminuita.it,"2015-01-20 19:28:34"
http://www.shakti-ballando.com,"2015-01-20 19:28:38"
http://www.shape.bo.it,"2015-01-20 19:28:40"
http://www.siem-online.it,"2015-01-20 19:28:42"
http://www.simplyfood.it,"2015-01-20 19:28:46"
http://www.sindromedipoland.org/,"2015-01-20 19:12:41"
http://www.societaaperta.info/,"2015-01-19 19:00:51"
http://www.societadolce.it/,"2015-01-19 17:37:09"
http://www.sognamondo.it,"2015-01-19 17:37:12"
http://www.solcoimola.it/,"2015-01-19 19:01:00"
http://www.solcoinsieme.coop/,"2015-01-19 19:01:08"
http://www.solidarietafamiliare.it/home_page.asp,"2015-01-19 19:01:10"
http://www.spartacusbologna.it,"2015-01-20 19:29:33"
http://www.spazioindue.org,"2015-01-20 19:29:42"
http://www.spaziolabo.it,"2015-01-20 19:30:02"
http://www.spmii.it/,"2015-01-20 19:12:55"
http://www.sportduemila.com,"2015-01-20 19:30:05"
http://www.sportexperience.it/homew.asp,"2015-01-20 19:13:02"
http://www.stellanostra.com/,"2015-01-19 22:07:13"
http://www.studiosoundlab.com,"2015-01-20 19:30:20"
http://www.studistorici.com,"2015-01-20 19:30:32"
http://www.succedesoloabologna.it,"2015-01-20 19:30:42"
http://www.tartufomania.it,"2015-01-20 19:30:47"
http://www.teatrinoclandestino.org,"2015-01-20 19:30:52"
http://www.teatrodei25.jimdo.com,"2015-01-20 19:30:56"
http://www.teatrodelletemperie.com/site/,"2015-01-19 19:01:16"
http://www.teatrodelpratello.it,"2015-01-19 19:01:23"
http://www.teatroguardassoni.com,"2015-01-20 19:31:12"
http://www.teatronecessario.it/,"2015-01-18 19:24:43"
http://www.teatronucleo.org,"2015-01-18 19:24:47"
http://www.telestreet.it,"2015-01-20 19:31:14"
http://www.temenosjunghiano.com,"2015-01-20 19:31:18"
http://www.terzadecade.it,"2015-01-20 19:31:38"
http://www.testoniragazzi.it,"2015-01-19 19:01:31"
http://www.tossignano.it,"2015-01-20 19:31:44"
http://www.tramaditerre.org,"2015-01-20 19:31:56"
http://www.tutelanimalibologna.it,"2015-01-19 19:46:53"
http://www.tuttinsieme.org,"2015-01-20 19:32:20"
http://www.tuttinsieme.org/,"2015-01-20 19:13:16"
http://www.tuttinsieme.org/casa.htm,"2015-01-20 19:13:30"
http://www.uicbologna.it/,"2015-01-20 19:13:35"
http://www.uisp.it,"2015-01-20 19:32:30"
http://www.uispbologna.it,"2015-01-20 19:32:36"
http://www.universitaprimolevi.it,"2015-01-20 19:32:48"
http://www.univocbologna.it,"2015-01-19 22:07:15"
http://www.univocbologna.it/,"2015-01-20 19:13:45"
http://www.unms.it/,"2015-01-20 19:13:53"
http://www.unpassodopolaltro.com,"2015-01-20 19:32:57"
http://www.up.aci.it/bologna/,"2015-01-19 21:51:32"
http://www.upcalderara.com,"2015-01-20 19:33:04"
http://www.uvapassa.org,"2015-01-19 22:07:21"
http://www.valgattara.it,"2015-01-20 19:33:10"
http://www.venenta.com,"2015-01-19 19:01:37"
http://www.venenta.com/,"2015-01-19 22:07:26"
http://www.viadepoeti.it,"2015-01-20 19:33:22"
http://www.villabernaroli.it,"2015-01-20 19:08:43"
http://www.villadallolio.it,"2015-01-20 19:33:25"
http://www.villagetennisclub.it,"2015-01-20 19:33:28"
http://www.virtualcoop.net,"2015-01-19 19:01:43"
http://www.visibilia.org/,"2015-01-20 19:13:57"
http://www.vitenuove.org,"2015-01-20 19:33:30"
http://www.viveresenzastomaco.org,"2015-01-20 19:15:55"
http://www.volabo.it,"2015-01-19 19:47:00"
http://www.volabo.it/,"2015-01-19 19:01:48"
http://www.volhand.it/,"2015-01-20 19:33:45"
http://www.volontariminerva.it,"2015-01-19 22:07:29"
http://www.vuotiarendere.it,"2015-01-20 19:33:48"
http://www.wehelpyou.it/,"2015-01-20 19:33:53"
http://www.worlddiving.it,"2015-01-20 19:33:58"
http://www.xeniabo.org,"2015-01-20 19:34:00"
http://www.xeniabo.org/,"2015-01-19 22:07:30"
http://www.xing.it,"2015-01-20 19:34:07"
http://www.yfcitalia.org/,"2015-01-19 22:07:35"
http://www.you-net.eu,"2015-01-20 19:34:21"
http://www.youkali.it,"2015-01-20 19:34:26"
http://www.youkali.it/,"2015-01-20 19:34:30"
http://www.zerocento.coop/,"2015-01-19 19:01:57"
http://www.zimmerfrei.co.it,"2015-01-20 19:34:33"
http://www2.provincia.bologna.it,"2015-01-19 22:07:37"
https://ilprogettoalice.wordpress.com/,"2015-01-19 22:07:44"
https://isfbologna.wordpress.com/,"2015-01-19 22:07:51"
https://www.societadolce.it/,"2015-01-19 19:01:02"
