Sito,Timestamphttp://www.cambioscena.com/,http://www.teatronecessario.it/,http://www.aerco.it/,http://www.circolofrescobaldi.it/,http://www.corosantospirito.it/,http://www.ferraramusica.it/,http://www.appaloosaitaly.com/,http://www.csibologna.it/,http://www.divefun.it/,http://www.cvpuntamarina.com/,http://www.parmasub.it/news.php,http://www.demusicaonlus.it,http://www.magazzini-sonori.it,http://www.associazionemusicalelucchese.it,http://www.associazionemusicaoggi.it,http://www.valsesiamusica.com,http://www.associazione-melody.com,http://www.milanomusica.org,http://www.amicimusicasacra.com,http://www.musicaricercata.eu,http://www.amicidellamusicamilano.it,http://www.culturaemusica.it,http://www.aimi-musica.org,http://www.musicaventunesimo.it,http://www.lingottomusica.it,http://www.lamusicainterna.it,http://www.musicanovecento.com,http://www.amicidellamusicapalermo.it,http://www.musicanelmendrisiotto.com,http://www.amicimusica.fi.it,http://www.sound-musiche.it,http://www.musicaperta.it,http://www.musica-nova.it,http://www.musica90.net,http://www.estatemusicalefrentana.it,http://www.associazioneinmusica.it,http://www.cini.it,http://www.angelomariani.org,http://www.musicaficta.org,http://www.musicaxsempre.it,http://www.ammi-italia.com,http://www.musicavenezia.org,http://www.almc.it,http://associazionevox.com,http://www.forumculture.org,http://www.cineweb-er.com,http://www.labiennale.org,http://www.festivaldelcinemapovero.com,http://www.mymovies.it,http://www.anica.it,http://www.amnc.it,http://www.artcityemiliaromagna.com,http://www.anecweb.it,http://www.intecinemafestival.com,http://cultura.regione.emilia-romagna.it,http://www.macine.net,http://www.cinemadamare.com,http://www.filmtv.it,http://www.festivalcinemadarte.it,http://www.cinemazero.org,http://www.ilflaneur.com,http://www.aficfestival.it,http://www.romasinfonietta.com,http://www.uniroma1.it,http://www.art-musica.it,http://www.scuolamusicale.com,http://www.ilvillaggiodellamusica.it,http://www.artidee.org,http://www.imusicanti.org,http://www.comuni-italiani.it,http://www.centrottava.it,http://www.johncoltrane.it,http://www.festaeuropeadellamusica.com,http://www.musicaincontro.it,http://www.centopercentomusica.com,http://www.studiomusica.it,http://www.amicimusica.ud.it,http://www.landinimusica.it,http://dinamico2.unibg.it,http://www.aidsm.it,http://www.musicaanticamagnano.com,http://www.assmusicainsieme.it,http://www.scuolediballo.com,http://www.danza.it,http://www.registrodanzaer.org,http://www.ater.emr.it,http://www.endas.net,http://emilia-romagna.fids.it,http://emilia-romagna.1254.it,http://www.balletto.net,http://www.anticorpi.org,http://www.federdanza.it,http://www.misterimprese.it,http://www.anmb.net,http://www.sipario.it,http://www.emiliaromagnateatro.com,http://www.federdanza-agis.org,http://aimbitalia.it,http://www.midasemiliaromagna.it,http://www.danzaurbana.it,http://www.alkaemia.it/presentazione.php,http://it.indeed.com,http://www.aterdanza.it,http://www.nidplatform.it,http://www.spettacolodalvivo.beniculturali.it,http://www.ritmodanza.net,http://www.cittadarte.emilia-romagna.it,http://www.ballilatini.it,http://www.entes.it,http://www.360gradi.info,http://www.casalecchiodelleculture.it,http://gambettola.1254.it,http://www.midasnazionale.it,http://emiliaromagnaedintorni.it,http://www.scuolapurotango.it,http://reggio-nell-emilia.virgilio.it,http://www.scuoladiteatrocolli.it,http://www.scuoladiteatrodibologna.it,http://www.lescuoledirecitazione.it,http://www.accademiadelmusical.net,http://www.informagiovanni.it,http://www.aib.it,http://www.comune.russi.ra.it,http://www.careerjet.it,http://www.bsmt.it,http://www.luciasardo.it,http://www.impresaitalia.info,http://www.film.it,http://www.provincia.re.it,http://www.marcheteatro.it,http://archivio.emiliaromagnateatro.com,http://www.castingeprovini.com,http://www.corsincitta.it,http://www.teatrodelleforchette.it,http://www.ferraraitalia.it,http://www.teatrocarcere-emiliaromagna.it,http://www.agendaonline.it,http://www.comune.modena.it,http://www.uilt.it,http://www.fitateatro.it,http://ibc.regione.emilia-romagna.it,http://www.teatro.it,http://www.viefestivalmodena.com,http://www.accademiaperduta.it,http://www.ertgiovani.com,http://www.regione.emilia-romagna.it,http://www.regioni-italiane.com,http://www.campodellacultura.it,http://www.teatronucleo.org,http://rivista.ibc.regione.emilia-romagna.it,http://www.womex.com,http://www.teatrobonci.it,http://sociale.regione.emilia-romagna.it,http://www.anbimapiemonte.it,http://www.arcipiemonte.it,http://www.bandamusicale.it,http://fitel-pmt.it,http://eventi.langhe.net,http://www.ibmp.it,http://mirepiemonte.org,http://www.italiacontest.it,http://www.armoniedellasera.it,http://www.marcheinfesta.it,http://www.seratiamo.it,http://marche.1254.it,http://www.marcheatipica.it,http://www.bluecommunity.it,http://www.musicinthemarche.info,http://www.amatmarche.net,http://www.adnkronos.com,http://www.nozzeclick.com,http://www.marchejazznetwork.it,http://www.music-marche.com,http://www.laprimaweb.it,http://www.in-giro.net,http://imslp.org,http://www.ascolipicenofestival.com,http://www.occhioallanotizia.it,http://www.pointticket.it,http://marchesolidali.com,http://www.assonanza.it,
http://scuola.regione.emilia-romagna.it,
http://www.flautomagico.it,
http://www.imolaviverelamusica.it,
http://www.agriturist-er.it,
http://www.arezzowave.com,
http://www.indire.it,
http://www.riminibeach.it,
http://www.flashmusica.it,
http://www.sa-ero.archivi.beniculturali.it,
