"sito associazione",email,tipo
http://aeop.it,aeopnazionale@gmail.com
http://ambiente.regione.emilia-romagna.it,urp@postacert.regione.emilia-romagna.it
http://ambiente.regione.emilia-romagna.it,urp@regione.emilia-romagna.it
http://aprimondo.centropoggeschi.org/,aprimondo@centropoggeschi.org
http://aprimondo.centropoggeschi.org/,norespingimentiscolastici@gmail.com
http://ass-equilibrio.it/,ass.equilibrio@tin.it
http://assisla.it/,bologna@assisla.it
http://associazionealtadefinizione.it/," info@associazionealtadefinizione.it"
http://associazionealtadefinizione.it/,info@associazionealtadefinizione.it
http://associazionejaya.it/,marc.vidal.moreno@gmail.com
http://associazionejaya.it/,namaste@associazionejaya.it
http://codacons.emiliaromagna.it/,info@codacons.emiliaromagna.it
http://cooperativaquintoangolo.jimdo.com/,cooperativaquintoangolo@gmail.com
http://cooperativaquintoangolo.jimdo.com/,cooperativaquintoangolo@gmail.pec.com
http://coralereno.altervista.org/,boarder82@libero.it
http://coralereno.altervista.org/,CoraleReno@yahoo.it
http://cultura.regione.emilia-romagna.it,cultura@regione.emilia-romagna.it
http://cultura.regione.emilia-romagna.it,urp@postacert.regione.emilia-romagna.it
http://cultura.regione.emilia-romagna.it,urp@regione.emilia-romagna.it
http://equosolidale.it,info@equosolidale.it
http://erlug.linux.it,info@erlug.linux.it
http://ibc.regione.emilia-romagna.it,direzioneibc@postacert.regione.emilia-romagna.it
http://ibc.regione.emilia-romagna.it,direzioneibc@regione.emilia-romagna.it
http://ibc.regione.emilia-romagna.it,peiibacn@postacert.regione.emilia-romagna.it
http://ibc.regione.emilia-romagna.it,urp@postacert.regione.emilia-romagna.it
http://ibc.regione.emilia-romagna.it,urp@regione.emilia-romagna.it
http://ilbaobab.com/,ilbaobab@libero.it
http://lechiavidicasa.org/,info@lechiavidicasa.org
http://neidanitalia.wordpress.com/,info@taichineidan.com
http://neidanitalia.wordpress.com/,neidanschool@gmail.com
http://nuke.anffas-er.org/,info@anffas-er.org
http://nuke.fidas-advs-bologna.org,bologna@fidas-emiliaromagna.it
http://obritalia.livejournal.com,elena@onebillionrising.org
http://obritalia.livejournal.com,nico@onebillionrising.org
http://protezionecivile.regione.emilia-romagna.it,procivdir@regione.emilia-romagna.it
http://protezionecivile.regione.emilia-romagna.it,procivsegr@postacert.regione.emilia-romagna.it
http://protezionecivile.regione.emilia-romagna.it,procivsegr@regione.emilia-romagna.it
http://protezionecivile.regione.emilia-romagna.it,urp@postacert.regione.emilia-romagna.it
http://protezionecivile.regione.emilia-romagna.it,urp@regione.emilia-romagna.it
http://psm.bologna.it/,info@psm.bologna.it
http://psm.bologna.it/,segreteriatecnica@psm.bologna.it
http://riunite.eu,cittadinanzattivanavile@comunitasociale.it
http://riunite.eu,info@riunite.eu
http://rivista.ibc.regione.emilia-romagna.it,direzioneibc@postacert.regione.emilia-romagna.it
http://rivista.ibc.regione.emilia-romagna.it,urp@postacert.regione.emilia-romagna.it
http://rivista.ibc.regione.emilia-romagna.it,urp@regione.emilia-romagna.it
http://sayes.volabo.it,sayes@volabo.it
http://sayes.volabo.it,sayes@volabo.itÂ
http://scuola.regione.emilia-romagna.it,scuola@regione.emilia-romagna.it
http://scuola.regione.emilia-romagna.it,urp@postacert.regione.emilia-romagna.it
http://scuola.regione.emilia-romagna.it,urp@regione.emilia-romagna.it
http://sindromediangelman.org/,orsa@sindromediangelman.org
http://sociale.regione.emilia-romagna.it,infosociale@regione.emilia-romagna.it
http://sociale.regione.emilia-romagna.it,urp@postacert.regione.emilia-romagna.it
http://sociale.regione.emilia-romagna.it,urp@regione.emilia-romagna.it
http://vag61.noblogs.org/,coo.migra.bo@gmail.com
http://web.tiscali.it/agostiniani/,p.piervincenzi@tiscalinet.it
http://www.3ionlus.org/,info@3ionlus.org
http://www.aaeweb.net,adozioni@aaeconigli.it
http://www.aaeweb.net,webm@aaeweb.net
http://www.abiobologna.org/,info@abiobologna.org
http://www.acabas.altervista.org/,acabas@alice.it
http://www.acabas.altervista.org/,arabafelice58@libero.it
http://www.acabas.altervista.org/,ginetta.monari@tin.it
http://www.acabas.altervista.org/,malickkaire65@yahoo.it
http://www.acatbolognaalcool.it/,acatbologna@teletu.it
http://www.acatbolognaalcool.it/,bob.58@hotmail.it
http://www.acatbolognaalcool.it/,info@aicat.net
http://www.accaparlante.it/,amministrazione@accaparlante.it
http://www.accaparlante.it/,cdh@accaparlante.it
http://www.accaparlante.it/,claudio@accaparlante.it
http://www.accaparlante.it/,coop@accaparlante.it
http://www.accaparlante.it/,emanuela@accaparlante.it
http://www.accaparlante.it/,giovanna@accaparlante.it
http://www.accaparlante.it/,massimo@accaparlante.it
http://www.accaparlante.it/,michela.defalco@accaparlante.it
http://www.accaparlante.it/,nicola@accaparlante.it
http://www.accaparlante.it/,roberto.parmeggiani@accaparlante.it
http://www.accaparlante.it/,sandra@accaparlante.it
http://www.accaparlante.it/,tristano.redeghieri@accaparlante.it
http://www.accaparlante.it/,valeria@accaparlante.it
http://www.acliemiliaromagna.it/,info@acliemiliaromagna.it
http://www.acmt-rete.it/index.html,ascolto@acmt-rete.it
http://www.acmt-rete.it/index.html,Ricerca@acmt-rete.it
http://www.acquablu.altervista.org/,stadiopalestra20@acquablu.info
http://www.acquadela.it/,info@acquadela.it
http://www.adanazionale.it,segreteria@adanazionale.it
http://www.adiantum.it,cataldo.alessio@gmail.com
http://www.admoemiliaromagna.it,info@admoemiliaromagna.it
http://www.adottando.it/,adottando.sede@vodafone.it
http://www.aebo.it/,info@aebo.it
http://www.afbologna.it/,mioindirizzo@mioprovider.com
http://www.agd-bo.net/it/,agd-bologna@libero.it
http://www.ageop.org,assistenza.ageop@aosp.bo.it
http://www.ageop.org,case.giulia@ageop.org
http://www.ageop.org,comunicazioneageop@gmail.com
http://www.ageop.org,contabilita@ageop.org
http://www.ageop.org,elisabettan.ageop@aosp.bo.it
http://www.ageop.org,francesca.predieri@unibo.it
http://www.ageop.org,paolam.ageop@aosp.bo.it
http://www.ageop.org,promozione.ageop@aosp.bo.it
http://www.ageop.org,punto@ageop.org
http://www.ageop.org,silvanamia@virgilio.it
http://www.ageop.org,valeria.tieri@unibo.it
http://www.ageop.org,volontariato.ageop@aosp.bo.it
http://www.agescibologna.it,zonabologna@emiro.agesci.it
http://www.agevolando.org/,agevolando@yahoo.it
http://www.aiasbo.it/,aiasbo@legalmail.it
http://www.aiasbo.it/,info@aiasbo.it
http://www.aiasbo.it/,soggiorni@aiasbo.it
http://www.aiasport.it/,info@aiasport.it
http://www.aiccon.it,ecofo.aiccon@unibo.it
http://www.aice-epilessia.it,assaice@iperbole.bologna.it
http://www.aicsbologna.it/,info@aicsbologna.it
http://www.aicser.altervista.org,emiliaromagna@aics.it
http://www.aiditalia.org,amministrazione@dislessia.it
http://www.aiditalia.org,helpline@dislessia.it
http://www.aiditalia.org,libroaid@dislessia.it
http://www.aiditalia.org,progetti@dislessia.it
http://www.aiditalia.org,segreteria@dislessia.it
http://www.aiditalia.org,soci@dislessia.it
http://www.aifo.it/,info@aifo.it
http://www.aihip.org/,info@aihip.org
http://www.aispaitalia.it/,aispaitaliafirenze@gmail.com
http://www.aispaitalia.it/,aispaitaliapresidenza@virgilio.it
http://www.aispaitalia.it/,comunicazione@aispaitalia.it
http://www.aispaitalia.it/,redazionecisonoanchio@aispaitalia.it
http://www.aispaitalia.it/,segreteria.scientifica@aispaitalia.it
http://www.aispaitalia.it/,segreteria@aispaitalia.it
http://www.aispaitalia.it/,ufficiostampa@aispaitalia.it
http://www.aiuca.eu,hevessydarcie@mailxu.com
http://www.aiuca.eu,marcello.aiuca@gmail.com
http://www.al3teste.com/,info@al3teste.com
http://www.alcolistianonimi-emiliaromagna.it/,area@alcolistianonimi-emiliaromagna.it
http://www.alisei.com/,info@alisei.com
http://www.altercoop.it/,amministrazione@altercoop.it
http://www.altercoop.it/,bado.o@egroupnet.it
http://www.altercoop.it/,chiappini@alice.it
http://www.altercoop.it/,dellortostefano@alice.it
http://www.altercoop.it/,francescocovi@aol.com
http://www.altercoop.it/,g.lotito@libero.it
http://www.altercoop.it/,giovpierro@me.com
http://www.altercoop.it/,gipi3@libero.it
http://www.altercoop.it/,info@altercoop.it
http://www.altercoop.it/,mauromiani@tiscali.it
http://www.altercoop.it/,niko@policartasrl.it
http://www.altercoop.it/,pierpaolo.gnisci@tin.it
http://www.altercoop.it/,roberto.merola@altercoop.it
http://www.altercoop.it/,rosanna.zerbini@altercoop.it
http://www.altercoop.it/,sciutoct@gmail.com
http://www.altercoop.it/,stefano.billi@altercoop.it
http://www.altercoop.it/,stefano.ercolano@libero.it
http://www.altercoop.it/,steragenzia@gmail.com
http://www.altercoop.it/,vendite@altercoop.it
http://www.alzheimerimola.it/,associazione@alzheimerimola.it
http://www.amaamarcordsanpietro.it/,ama.amarcord@libero.it
http://www.amaci.it,info@amaci.it
http://www.ambologna.it/,ambologna@gmail.com
http://www.amicambo.org/,amicambo@yahoo.com
http://www.amicibambinipadrejohn.org/,pietro.cruciani@gmail.com
http://www.amicidibologna.it,amicidibologna@katamail.com
http://www.amicidigiana.org,cinetecaufficiostampa@cineteca.bologna.it
http://www.amiciditamaraedavide.it/,info@amiciditamaraedavide.it
http://www.amiciditamaraedavide.it/,presidente@amiciditamaraedavide.it
http://www.amnesty.it,info@amnesty.it
http://www.amnestybologna.it/,gr019@amnesty.it
http://www.amnestybologna.it/,gr182@amnesty.it
http://www.anaste-er.com,info@anaste-er.com
http://www.ancoraservizi.it,info@ancoraservizi.it
http://www.andromeda-bo.it/index.htm,info@andromeda-bo.it
http://www.aned-onlus.it,segreteria@aned-onlus.it
http://www.anedbo.it/,info@anedbo.it
http://www.aniepnazionale.it/,aniepnazionale@tiscali.it
http://www.anmb.net,anmb@anmb.net
http://www.anmb.net,associazionemaestriballo@pec.it
http://www.anmil.it/,bologna@anmil.it
http://www.anpasemiliaromagna.org/,info@anpasemiliaromagna.org
http://www.anpvionlus.it/,anpvionlus@tiscali.it
http://www.ant.it,adir.samolsky@ant.it
http://www.ant.it,Agostinismarzia.agostinis@ant.itA
http://www.ant.it,alberto.campo@ant.it
http://www.ant.it,amministrazione@ant.it
http://www.ant.it,amministrazione@ant.itÂ
http://www.ant.it,angela.gallo@ant.it
http://www.ant.it,angela.zamboni@ant.it
http://www.ant.it,anita.dattoli@ant.it
http://www.ant.it,annamaria.leonetti@ant.it
http://www.ant.it,antonio.pannuti@ant.it
http://www.ant.it,Autiliagerardina.dautilia@ant.itU
http://www.ant.it,Azzaronicarlo.azzaroni@ant.itU
http://www.ant.it,Battistiniflavio.battistini@ant.itA
http://www.ant.it,Beghellicristina.beghelli@ant.itU
http://www.ant.it,Bisiirene.bisi@ant.itÂ
http://www.ant.it,Boltriced@ant.itS
http://www.ant.it,Bonazziformazione@ant.itA
http://www.ant.it,Bonazzivaleria.bonazzi@ant.itA
http://www.ant.it,Brondellimichela.brondelli@ant.itU
http://www.ant.it,Brunellifabio.brunelli@ant.itA
http://www.ant.it,Campoalberto.campo@ant.itA
http://www.ant.it,carlo.azzaroni@ant.it
http://www.ant.it,Caseriomariuccia.caserio@ant.itU
http://www.ant.it,Catalanosilvia.catalano@ant.itA
http://www.ant.it,Cavallarisilvia.cavallari@ant.itU
http://www.ant.it,ced@ant.it
http://www.ant.it,celestina.savoia@ant.it
http://www.ant.it,Cesariroberto.cesari@ant.itÂ
http://www.ant.it,Ciresasilvia.ciresa@ant.itC
http://www.ant.it,cristiana.mantovani@ant.it
http://www.ant.it,cristina.beghelli@ant.it
http://www.ant.it,cristina.gasperini@ant.it
http://www.ant.it,daniela.rizzoli@ant.it
http://www.ant.it,Dattolianita.dattoli@ant.itA
http://www.ant.it,Dekeladir.samolsky@ant.itS
http://www.ant.it,denis.dallolio@ant.it
http://www.ant.it,direzione@ant.it
http://www.ant.it,elena.facchini@ant.it
http://www.ant.it,elena.tosini@ant.it
http://www.ant.it,enrico.iovino@ant.it
http://www.ant.it,ermes.franceschini@ant.it
http://www.ant.it,Espositimonica.degliesposti@ant.itS
http://www.ant.it,fabio.brunelli@ant.it
http://www.ant.it,fabio.gaiba@ant.it
http://www.ant.it,Facchinielena.facchini@ant.itU
http://www.ant.it,Ferrettimariagrazia.ferretti@ant.itU
http://www.ant.it,filippo.grazioli@ant.it
http://www.ant.it,Filosamariarosaria.filosa@ant.itU
http://www.ant.it,flavio.battistini@ant.it
http://www.ant.it,formazione@ant.it
http://www.ant.it,Franceschiniermes.franceschini@ant.itS
http://www.ant.it,franco.pannuti@ant.it
http://www.ant.it,Gaibafabio.gaiba@ant.itS
http://www.ant.it,Galloangela.gallo@ant.itU
http://www.ant.it,Gasperinicristina.gasperini@ant.itC
http://www.ant.it,gerardina.dautilia@ant.it
http://www.ant.it,Ghianisandra.ghiani@ant.itÂ
http://www.ant.it,Ghiselligiulia.ghiselli@ant.itA
http://www.ant.it,giulia.ghiselli@ant.it
http://www.ant.it,giuliomassimiliano.marcosanti@ant.it
http://www.ant.it,Graziapierluigi.grazia@ant.itA
http://www.ant.it,Graziolifilippo.grazioli@ant.itÂ
http://www.ant.it,Iacononancy.iacono@ant.itA
http://www.ant.it,ilaria.iseppato@ant.it
http://www.ant.it,info@ant.it
http://www.ant.it,info@ant.itÂ
http://www.ant.it,Iovinoenrico.iovino@ant.itA
http://www.ant.it,Iovinoenrico.iovino@ant.itU
http://www.ant.it,Iseppatoilaria.iseppato@ant.itC
http://www.ant.it,Larsendirezione@ant.itPresidenteDott.ssa
http://www.ant.it,Leonettiannamaria.leonetti@ant.itÂ
http://www.ant.it,letizia.totti@ant.it
http://www.ant.it,Luglistefano.lugli@ant.itS
http://www.ant.it,Malajsokol.malaj@ant.itU
http://www.ant.it,Mantovanicristiana.mantovani@ant.itU
http://www.ant.it,Marcosantigiuliomassimiliano.marcosanti@ant.it
http://www.ant.it,mariagrazia.ferretti@ant.it
http://www.ant.it,mariarita.tattini@ant.it
http://www.ant.it,mariarosaria.filosa@ant.it
http://www.ant.it,mariuccia.caserio@ant.it
http://www.ant.it,marzia.agostinis@ant.it
http://www.ant.it,maurizio.mineo@ant.it
http://www.ant.it,Messanarossana.messana@ant.itÂ
http://www.ant.it,Mezzettisara.mezzetti@ant.itA
http://www.ant.it,michela.brondelli@ant.it
http://www.ant.it,Mineomaurizio.mineo@ant.itD
http://www.ant.it,Mineomaurizio.mineo@ant.itU
http://www.ant.it,mirco.salvaterra@ant.it
http://www.ant.it,monica.degliesposti@ant.it
http://www.ant.it,nancy.iacono@ant.it
http://www.ant.it,nicoletta.silvestri@ant.it
http://www.ant.it,Oliodenis.dallolio@ant.itC
http://www.ant.it,Padoanpaolo.padoan@ant.itA
http://www.ant.it,Pannutiantonio.pannuti@ant.itÂ
http://www.ant.it,Pannutifranco.pannuti@ant.itSegretariaSig.ra
http://www.ant.it,Pannutiraffaella.pannuti@ant.itSegreteriaSig.ra
http://www.ant.it,paolo.padoan@ant.it
http://www.ant.it,patrizia.poggioli@ant.it
http://www.ant.it,pierluigi.grazia@ant.it
http://www.ant.it,Poggiolipatrizia.poggioli@ant.itÂ
http://www.ant.it,raffaella.pannuti@ant.it
http://www.ant.it,Rizzolidaniela.rizzoli@ant.itA
http://www.ant.it,roberto.cesari@ant.it
http://www.ant.it,rossana.messana@ant.it
http://www.ant.it,Salvaterramirco.salvaterra@ant.itÂ
http://www.ant.it,sandra.ghiani@ant.it
http://www.ant.it,sara.mezzetti@ant.it
http://www.ant.it,Savoiacelestina.savoia@ant.itÂ
http://www.ant.it,Silvestrinicoletta.silvestri@ant.itA
http://www.ant.it,silvia.catalano@ant.it
http://www.ant.it,silvia.cavallari@ant.it
http://www.ant.it,silvia.ciresa@ant.it
http://www.ant.it,silvia.varani@ant.it
http://www.ant.it,sokol.malaj@ant.it
http://www.ant.it,stefano.lugli@ant.it
http://www.ant.it,Tattinimariarita.tattini@ant.itC
http://www.ant.it,Tosinielena.tosini@ant.itA
http://www.ant.it,Tottiletizia.totti@ant.itA
http://www.ant.it,valeria.bonazzi@ant.it
http://www.ant.it,Varanisilvia.varani@ant.itA
http://www.ant.it,Varanisilvia.varani@ant.itS
http://www.ant.it,Zamboniangela.zamboni@ant.itU
http://www.antalpallavicini.org,segreteria@antalpallavicini.org
http://www.anticacomelemontagne.org,antica@iperbole.bologna.it
http://www.antoniano.it,aiutaci@antoniano.it
http://www.antoniano.it,amministrazione@antoniano.it
http://www.antoniano.it,biglietteria@antoniano.it
http://www.antoniano.it,cinemateatro@antoniano.it
http://www.antoniano.it,fabrizio@antoniano.it
http://www.antoniano.it,piccolocoro@antoniano.it
http://www.antoniano.it,portineria@antoniano.it
http://www.antoniano.it,segreteria@antoniano.it
http://www.antoniano.it,segreteriacorsi@antoniano.it
http://www.antoniano.it,stampa@antoniano.it
http://www.antr.it/,antrlatina@libero.it
http://www.antr.it/,info@antr.it
http://www.antr.it/,marchetti.antr@gmail.com
http://www.aosp.bo.it,PEIdirezione.generale@pec.aosp.bo.it
http://www.apdic.it/,info@apdic.it
http://www.apdic.it/,luisa.baesi@gmail.com
http://www.apeonlus.net,info@apeonlus.net
http://www.aradbo.org/,aradbo@interfree.it
http://www.aradbo.org/,info@aradbo.org
http://www.architettidistrada.it/,architettidistrada@gmail.com
http://www.arcibologna.it,bologna@arci.it
http://www.arcibologna.it,bologna@ascmail.it
http://www.arcibologna.it,bonafe@arcibologna.it
http://www.arcibologna.it,bonafe@arcibologna.itR
http://www.arcibologna.it,brugnara@arci.it
http://www.arcibologna.it,brugnara@arci.itT
http://www.arcibologna.it,girotti@arci.it
http://www.arcibologna.it,girotti@arci.itR
http://www.arcibologna.it,molinari@arcibologna.it
http://www.arcibologna.it,ramponi@arci.it
http://www.arcibologna.it,ramponi@arci.itS
http://www.arcibologna.it,scanabissi@arcibologna.it
http://www.arcibologna.it,scanabissi@arcibologna.itS
http://www.arcibologna.it,t.passarini@libero.it
http://www.arcibologna.it,t.passarini@libero.itP
http://www.arcibologna.it,tarsi@arcibologna.it
http://www.arcibologna.it,tarsi@arcibologna.itR
http://www.arcibologna.it,tesoriere@arcibologna.it
http://www.arcibologna.it,tesoriere@arcibologna.itA
http://www.arcibologna.it,ufficiostampa@arcibologna.it
http://www.arcibologna.it,ufficiostampa@arcibologna.itR
http://www.arcibologna.it,vigneri@arcibologna.it
http://www.arcibologna.it,vigneri@arcibologna.itU
http://www.arcibologna.it,web@arcibologna.it
http://www.arcibologna.it,zaniboni@arcibologna.it
http://www.arcibologna.it,zaniboni@arcibologna.itA
http://www.arcoveggionuoto.it/,arconuoto@virgilio.it
http://www.arteesalute.org/,info@arteesalute.org
http://www.arteportici.it,il_laboratorio@fastwebnet.it
http://www.ascbologna.it/,bologna@ascsport.it
http://www.asiloineuropa.it,asiloineuropa@gmail.com
http://www.asiloineuropa.it,comunicazione@asiloineuropa.it
http://www.asiloineuropa.it,presidenza@asiloineuropa.it
http://www.asiloineuropa.it,ricerche@asiloineuropa.it
http://www.asitoi.it/,info@asitoi.it
http://www.aspbologna.it/,asp@pec.aspbologna.it
http://www.asphi.it/,info@asphi.it
http://www.ass-coop.it,coopsociale@ass-coop.it
http://www.assemblea.emr.it,alinformazione@regione.emilia-romagna.it
http://www.assemblea.emr.it,PEIAssemblea@postacert.regione.emilia-romagna.it
http://www.assemblea.emr.it,segraula@regione.emilia-romagna.it
http://www.assemblea.emr.it,ssaliera@regione.emilia-romagna.it
http://www.assemblea.emr.it,urp@regione.emilia-romagna.it
http://www.assistenzaanzianibologna.com/,angeliazzurri2010@libero.it
http://www.assistenzamalatibologna.it/,assistenzamalatibologna@gmail.com
http://www.assoamici.it/,info@assoamici.it
http://www.associazione-aliante.it/,ass.aliante@libero.it
http://www.associazioneaip.org,info@associazioneaip.org
http://www.associazioneamicidimariarosa.org/,associazioneamicidimariarosa@pec.aruba.it
http://www.associazioneamicidimariarosa.org/,info@associazioneamicidimariarosa.org
http://www.associazionearianne.it/,arianneonlus@pec.it
http://www.associazionearianne.it/,info@associazionearianne.it
http://www.associazionearianne.it/,segreteria@associazionearianne.it
http://www.associazioneastrofilibolognesi.it,info@associazioneastrofilibolognesi.it
http://www.associazionecomunicattive.org,info@associazionecomunicattive.org
http://www.associazionecomunicattive.org,TRANSGENDER@GNUMERICA.ORG
http://www.associazionecucciolo.it,info@associazionecucciolo.it
http://www.associazionediversamente.org,diversamente.bologna@gmail.com
http://www.associazioneiocisono.it/,iocisono04@tiscali.it
http://www.associazionemargherita.org/,info@associazionemargherita.org
http://www.associazionenova.org/,venezia@associazionenova.org
http://www.associazionenovart.com,info@associazionenovart.com
http://www.associazioneprogettohandicap.org/,aphasso@tin.it
http://www.associazionernesto.it,info@associazionernesto.it
http://www.associazionernesto.it,LINEACAI@palazzochigi.it
http://www.associazioneumanamente.org/,contatti@associazioneumanamente.org
http://www.associazioneverbamanent.it,amministrazione@associazioneverbamanent.it
http://www.associazioneverbamanent.it,amministrazione@pec.associazioneverbamanent.it
http://www.associazioneverbamanent.it,segreteria@associazioneverbamanent.it
http://www.associazioneverbamanent.it,tesoreria@associazioneverbamanent.it
http://www.associazioneverbamanent.it,volontariato@associazioneverbamanent.it
http://www.associazioneverbamanent.it,webmaster@associazioneverbamanent.it
http://www.assonanza.it,daniela.ghesini@gmail.com
http://www.assonanza.it,eventi@assonanza.it
http://www.assonanza.it,foto@assonanza.it
http://www.assonanza.it,mirandola@fondazionecgandreoli.it
http://www.assopacepalestina.org,dnardacci@gmail.com
http://www.astrofiliimolesi.it,consiglio@astrofiliimolesi.it
http://www.astrofiliimolesi.it,info@astrofiliimolesi.it
http://www.atcomonline.it,info@atcomonline.it
http://www.attisonori.it,info@attisonori.it
http://www.aua.it,info@aua.it
http://www.auraassistenza.com/profilo.htm,info@auraassistenza.com
http://www.auserbologna.it/,info@auserbologna.it
http://www.auserbologna.it/,presidenza@auserbologna.it
http://www.ausilioteca.org/,info@ausilioteca.org
http://www.avis.it,avis.nazionale@avis.it
http://www.avis.it,avisnazionale@pec.it
http://www.babysittertatameri.com,mari@tatebologna.it
http://www.bancoalimentare.it/index.php,donazioni@bancoalimentare.it
http://www.bancoalimentare.it/index.php,info@bancoalimentare.it
http://www.bancoalimentare.it/index.php,ufficiostampa@bancoalimentare.it
http://www.bancoartigiano.com/,info@bancoartigiano.com
http://www.bancobologna.org/,info@bancobologna.org
http://www.bandieragialla.it,redazione@bandieragialla.it
http://www.betelbo.it/,info@betelBo.it
http://www.biblios.it,info@biblios.it
http://www.bibliotecasalaborsa.it,bibliotecasalaborsa@comune.bologna.it
http://www.bibliotecasalaborsa.it,comunicazionesalaborsa@comune.bologna.it
http://www.bibliotecasalaborsa.it,illsalaborsa@comune.bologna.it
http://www.bibliotecasalaborsa.it,ragazzisalaborsa@comune.bologna.it
http://www.bibliotecatrek.org,biblioteca@bibliotecatrek.org
http://www.bibliotecatrek.org,bologna@bibliotecatrek.org
http://www.bimbingamba.com/,info@bimbingamba.com
http://www.bimbotu.it/,acquistisolidali@bimbotu.it
http://www.bimbotu.it/,associazione@bimbotu.it
http://www.bimbotu.it/,segreteria@bimbotu.it
http://www.bo.arci.it/,amministrazione@arci.it
http://www.bo.arci.it/,arcs@arci.it
http://www.bo.arci.it/,convenzioni@arci.it
http://www.bo.arci.it/,cultura@arci.it
http://www.bo.arci.it/,immigrazione@arci.it
http://www.bo.arci.it/,merchandising@arci.it
http://www.bo.arci.it/,osservatoriolegislativo@arci.it
http://www.bo.arci.it/,presidenza@arci.it
http://www.bo.arci.it/,report@arci.it
http://www.bo.arci.it/,tesseramento@arci.it
http://www.bo.arci.it/,ucca@arci.it
http://www.bo.arci.it/,ufficiostampa@arci.it
http://www.bo.cnr.it/,info@area.bo.cnr.it
http://www.bolognafutsal.it/,bolognafutsal@pec.it
http://www.bolognajazzfestival.com/,akiller@fastwebnet.it
http://www.bolognajazzfestival.com/,dancecchini@hotmail.com
http://www.bolognajazzfestival.com/,federico@bolognajazzfestival.com
http://www.bolognajazzfestival.com/,francescojazzclub@libero.it
http://www.bolognajazzfestival.com/,tizzo.barbieri@libero.it
http://www.bolognajazzfestival.com/,vito@bolognajazzfestival.com
http://www.bolognaltruista.org,info@bolognaltruista.org
http://www.bolognautostoriche.it/home.asp,bolognautostoriche@libero.it
http://www.bolognawelcome.com,airport@bolognawelcome.it
http://www.bolognawelcome.com,bolognawelcome@legalmail.it
http://www.bolognawelcome.com,bolognawelcome@pec.bolognafiere.it
http://www.bolognawelcome.com,booking@bolognawelcome.it
http://www.bolognawelcome.com,redazioneiat@comune.bologna.it
http://www.bolognawelcome.com,ticket@bolognawelcome.it
http://www.bolognawelcome.com,TouristOffice@comune.bologna.it
http://www.bolognazoofila.org,contatti@bolognazoofila.org
http://www.bvbo.it/,bibliotecaviventebologna@gmail.com
http://www.bvbo.it/,webmaster@bvbo.it
http://www.cadiai.it/,info@cadiai.it
http://www.cadibalia.it,francescadirita@hotmail.com
http://www.caefisi.org/,crcae@fisi.org
http://www.cafedelapaixbologna.it,info@cafedelapaixbologna.it
http://www.caibo.it/,dag.caibo@gmail.com
http://www.caibo.it/,luana.briati@gmail.com
http://www.caibo.it/,mantovaniluigi.bo@gmail.com
http://www.caibo.it/,mauropini_67@alice.it
http://www.caleidos.bo.it/,ilaria@caleidos.bo.it
http://www.caleidos.bo.it/,info@caleidos.bo.it
http://www.caleidos.bo.it/,monica@caleidos.bo.it
http://www.camerapenale-bologna.org/,info@camerapenale-bologna.org
http://www.campa.it/,info@campa.it
http://www.candidamente.org,info.candidamente@gmail.com
http://www.candidamente.org/,info.candidamente@gmail.com
http://www.canigattienoi.cittametropolitana.bo.it/,cm.bo@cert.cittametropolitana.bo.it
http://www.canigattienoi.cittametropolitana.bo.it/,infocani@cittametropolitana.bo.it
http://www.canigattienoi.cittametropolitana.bo.it/,urp@cittametropolitana.bo.it
http://www.canoaclubbologna.it/,info@canoaclubbologna.it
http://www.canto31.it,info@canto31.it
http://www.caregiverfamiliare.it,info@anzianienonsolo.it
http://www.carnevaledidecima.it,info@carnevaledidecima.it
http://www.casabase.info/,info@casabase.inf
http://www.casadiriposoislandresidence.it/,info@islandresidence.it
http://www.casadonne.it,amministrazione.casadonne@women.it
http://www.casadonne.it,casadonne@women.it
http://www.casadonne.it,info.casadonne@women.it
http://www.casadonne.it,minori@women.it
http://www.casadonne.it,olas.casadonne@women.it
http://www.casagianni.net/Casa_Gianni/Prima_Pagina.html,asat@casagianni.net
http://www.casalecchioinsiemeproloco.org,casalecchioinsiemeproloco@pec.it
http://www.casediriposofrancescane.it/,case.francescane@tin.it
http://www.casinadeibimbi.org,amministrazione@casinadeibimbi.org
http://www.casinadeibimbi.org,info@casinadeibimbi.org
http://www.casinadeibimbi.org,mo@casinadeibimbi.org
http://www.casinadeibimbi.org,presidente@casinadeibimbi.org
http://www.casinadeibimbi.org,segreteria@casinadeibimbi.org
http://www.casinadeibimbi.org,volontario@casinadeibimbi.org
http://www.cassero.it/,accoglienza@cassero.it
http://www.cassero.it/,ad@cassero.it
http://www.cassero.it/,antidiscriminazioni@cassero.it
http://www.cassero.it/,benessere@cassero.it
http://www.cassero.it/,bologna@arcilesbica.it
http://www.cassero.it/,cool@cassero.it
http://www.cassero.it/,direttivo@cassero.it
http://www.cassero.it/,doc@cassero.it
http://www.cassero.it/,flavia.madaschi@gmail.com
http://www.cassero.it/,giovani@cassero.it
http://www.cassero.it/,giuridico@cassero.it
http://www.cassero.it/,info@genderbender.it
http://www.cassero.it/,liberamente@cassero.it
http://www.cassero.it/,luo@cassero.it
http://www.cassero.it/,presidenza@cassero.it
http://www.cassero.it/,salute@cassero.it
http://www.cassero.it/,scuola@cassero.it
http://www.cassero.it/,telefonoamicogay@cassero.it
http://www.cassero.it/,vicepresidenza@cassero.it
http://www.castiglionemurri.com/,borghesani@castiglionemurri.it
http://www.castiglionemurri.com/,info@castiglionemurri.it
http://www.castiglionemurri.com/,webmaster@castiglionemurri.com
http://www.cavazza.it/,istituto@cavazza.it
http://www.ccsvi-sm.org/,info@ccsvi-sm.org
http://www.ccsvi-sm.org/,segreteria@ccsvi-sm.org
http://www.cdkl5.org,emydefranceschi@hotmail.com
http://www.cdkl5.org,info@cdkl5.org
http://www.cdkl5.org,statello.a@pg.com
http://www.cdobologna.it,info@cdobologna.it
http://www.cefaonlus.it,info@cefaonlus.it
http://www.cemi.bologna.it/,fiorenza.rosi@cemi.bologna.it
http://www.cemi.bologna.it/,infotradizionale@cemi.bologna.it
http://www.cemi.bologna.it/,olga.pisani@cemi.bologna.it
http://www.cemi.bologna.it/,segreteria@cemi.bologna.it
http://www.centotrecento.it/,associazione@centotrecento.it
http://www.centroannalenatonelli.it/,centrotonelli@libero.it
http://www.centrocabral.com/,amicabr@comune.bologna.it
http://www.centroculturaleanzolese.it/,info@centroculturaleanzolese.it
http://www.centroculturaleanzolese.it/,presidenza@centroculturaleanzolese.it
http://www.centroculturaleanzolese.it/,segreteria@centroculturaleanzolese.it
http://www.centromelograno.it/,info@centromelograno.it
http://www.centrosandomenico.it,centrosandomenicobo@gmail.com
http://www.centrosocialezolino.it,info@centrosocialezolino.it
http://www.centrostudidonati.org/csd.html,carlosbranca@yahoo.com.ar
http://www.centrotutelafauna.org,info@centrotutelafauna.org
http://www.ceps.it/,assceps@iperbole.bologna.it
http://www.ceps.it/,ceps@ceps.it
http://www.ceunmondo.it,info@ceunmondo.it
http://www.chicomendes.it,altromercato@chicomendes.it
http://www.cimcoop.it/,Info@cimcoop.it
http://www.cimcoop.it/,Info@cimcoop.itT
http://www.cimcoop.it/,Marchettimichele.marchetti@cimcoop.it
http://www.cimcoop.it/,michele.marchetti@cimcoop.it
http://www.cimcoop.it/,Nellasveronica.nellas@cimcoop.itD
http://www.cimcoop.it/,veronica.nellas@cimcoop.it
http://www.cinetecadibologna.it/,archiviopasolini@cineteca.bologna.it
http://www.cinetecadibologna.it/,cecilia.cenciarelli@cineteca.bologna.it
http://www.cinetecadibologna.it/,Chaplincecilia.cenciarelli@cineteca.bologna.it
http://www.cinetecadibologna.it/,cinetecarchiviografica@cineteca.bologna.it
http://www.cinetecadibologna.it/,edizionipaola.cristalli@cineteca.bologna.it
http://www.cinetecadibologna.it/,elisa.giovannelli@cineteca.bologna.it
http://www.cinetecadibologna.it/,info@immagineritrovata.it
http://www.cinetecadibologna.it/,Lavagneelisa.giovannelli@cineteca.bologna.it
http://www.cinetecadibologna.it/,paola.cristalli@cineteca.bologna.it
http://www.cinetecadibologna.it/,Pasoliniarchiviopasolini@cineteca.bologna.it
http://www.ciofsbo.org,segreteria@ciofsbo.org
http://www.circolodellamusica.it/,circolodellamusica@alice.it
http://www.circolodozza.it,info@circolodozza.it
http://www.circolofattoria.it/,circfatt@tin.it
http://www.circolotennisbologna.com/,info@circolotennisbologna.com
http://www.cittadegliarchivi.it,assistenzatecnica@cittadegliarchivi.it
http://www.cittadegliarchivi.it,privacy@cittadegliarchivi.it
http://www.cittadegliarchivi.it,redazione@cittadegliarchivi.it
http://www.cittadinanzattiva-er.it,segreteria@cittadinanzattiva-er.it
http://www.cittametropolitana.bo.it,cm.bo@cert.cittametropolitana.bo.it
http://www.cittametropolitana.bo.it,urp@cittametropolitana.bo.it
http://www.clionet.it/,info@clionet.it
http://www.compagniadeglianimali.org,info@compagniadeglianimali.org
http://www.comune.castenaso.bo.it,comune.castenaso@cert.provincia.bo.it
http://www.comune.castenaso.bo.it,urp@comune.castenaso.bo.it
http://www.comune.modena.it,comune.modena@cert.comune.modena.it
http://www.comune.modena.it,piazzagrande@comune.modena.it
http://www.comune.modena.it,retecivica@comune.modena.it
http://www.comune.monzuno.bologna.it,comune.monzuno@cert.provincia.bo.it
http://www.comune.monzuno.bologna.it,urp@comune.monzuno.bologna.it
http://www.comune.rimini.it,protocollo.generale@pec.comune.rimini.it
http://www.comune.rimini.it,protocollo.generale@pec.comune.rimini.itÂ
http://www.comunitasociale.it,cittadinanzattivanavile@comunitasociale.it
http://www.comunitasociale.it,info@riunite.eu
http://www.concordanze.com,concordanze@gmail.com
http://www.confabitare.com,info@confabitare.it
http://www.coopabantu.it/,info@coopabantu.it
http://www.coopada.it/,coopada@pec.it
http://www.coopada.it/,info@coopada.it
http://www.coopagriverde.it,info@coopagriverde.it
http://www.coopas.it/,coop_att_sociali@hotmail.com
http://www.coopcroceazzurra.it,amministrazionealfa@catis.net
http://www.coopcroceazzurra.it,nadia.petralia@catis.net
http://www.cooperativasammartini.it/,coopsammartini@cooperativasammartini.it
http://www.cooperativasammartini.it/,coopsammartini@pec.it
http://www.coopilpellicano.org/,cooperativa@coopilpellicano.org
http://www.coopilpellicano.org/,primaria@coopilpellicano.org
http://www.coopsollievo.it/,info@coopsollievo.it
http://www.coordinamentovolontariatolame.org,cvl1995@libero.it
http://www.coorprociv.it,procivrn@libero.it
http://www.coorprociv.it,procivrnsalaoper@gmail.com
http://www.copernico.bo.it,BOPS030004@pec.istruzione.it
http://www.coralereno.altervista.org,boarder82@libero.it
http://www.corosantospirito.it/,bighi.francesco@gmail.com
http://www.corosantospirito.it/,info@corosantospirito.it
http://www.creativi108.it,creativi108@libero.it
http://www.creativi108.it,gohattocontact@libero.it
http://www.creativi108.it,info@gruppoelettrogeno.org
http://www.creativi108.it,tpo@mail.com
http://www.cribo.it,aps.cri.bologna@peceasy.it
http://www.cribo.it,centroformazione@cribo.it
http://www.cribo.it,cl.imola@cri.itÂ
http://www.cribo.it,cl.imola@pec.cri.it
http://www.cribo.it,corsi@cribo.it
http://www.cribo.it,ecm@cribo.it
http://www.cribo.it,educazionesanitaria@cribo.it
http://www.cribo.it,info@cribo.itÂ
http://www.cribo.it,segreteria@cribo.it
http://www.cribo.it,volontariato@cribo.it
http://www.croceitalia.it/,info@croceitalia.it
http://www.croceverdeer.com,croceverdeer@libero.it
http://www.csibologna.it/,amministrazione@csibologna.it
http://www.csibologna.it/,attivitasportiva@csibologna.it
http://www.csibologna.it/,formazione@csibologna.it
http://www.csibologna.it/,info@csibologna.it
http://www.csibologna.it/,presidenza@csibologna.it
http://www.csibologna.it/,tesseramento@csibologna.it
http://www.csibologna.it/,ufficiostampa@csibologna.it
http://www.csicasalecchio.it/,segreteria@csicasalecchio.com
http://www.cuberdon.org/,info@cuberdon.org
http://www.cupsit.it,info@cupsit.it
http://www.cvsbo.it/,cvsbo@iperbole.bologna.it
http://www.daicrocicchi.coop/,info@daicrocicchi.coo
http://www.danzaensemble.it,dalia.deangelis@live.it
http://www.danzaensemble.it,danzaensemble@libero.it
http://www.danzaurbana.it,info@danzaurbana.it
http://www.dder.org,domenico.demonte@yahoo.it
http://www.deliagennari.it/index.html,deliagennari@alice.it
http://www.diecieventicinque.it,redazione@diecieventicinque.it
http://www.diversamenteagibile.it/,accessibili@diversamenteagibile.it
http://www.diversamenteagibile.it/,collabora@diversamenteagibile.it
http://www.diversamenteagibile.it/,denuncia@diversamenteagibile.it
http://www.diversamenteagibile.it/,info@diversamenteagibile.it
http://www.diversamenteagibile.it/,max.ulivieri@me.com
http://www.diversamenteagibile.it/,sponsor@diversamenteagibile.it
http://www.dlfbo.it/,dlfbologna@dlf.it
http://www.dlfbo.it/,g.diolaiti@dlfbosrl.it
http://www.dlfbo.it/,hotelnuovodiana@dlf.it
http://www.dlfbo.it/,info@agenziailtreno.com
http://www.dlfbo.it/,info@hotelcasaalpina.it
http://www.dlfbo.it/,info@musicarti.it
http://www.dlfbo.it/,l.trippa@dlfbosrl.it
http://www.dlfbo.it/,multifunzionale@sempreavanti.it
http://www.dlfbo.it/,plan@dlfbo.it
http://www.dlfbo.it/,webdlfbo@utm.bo.it
http://www.donnecontroviolenza.it,most@donnecontroviolenza.it
http://www.doorstoballoon.it,doorstoballoon@gmail.com
http://www.dryart.com,info@dryart.com
http://www.eburt.it,info@eburt.it
http://www.ecotronic.it,info@ecotronic.it
http://www.edscuola.it,dcillo@edscuola.com
http://www.edscuola.it,redazione@edscuola.com
http://www.educazionepermanente.it,info@educazionepermanente.it
http://www.eksetra.net,eksetra@libero.it
http://www.emi.it,info@emi.it
http://www.endoassoc.it,info@endoassoc.it
http://www.enpabologna.org/,bologna@enpa.org
http://www.enpabologna.org/,ggzz.bologna@enpa.org
http://www.entenazionale.it,info@entenazionale.it
http://www.erfestival.org,info@erfestival.org
http://www.esserdanzabologna.it/scuola-di-danza,esserdanza@libero.it
http://www.esserdanzabologna.it/scuola-di-danza,info@esserdanzabologna.it
http://www.essereanimali.org,info@essereanimali.org
http://www.etabeta.coop,info@etabeta.coo
http://www.famiglienumerose.org,anfn@pec.famiglienumerose.org
http://www.famiglienumerose.org,partner@famiglienumerose.org
http://www.famiglienumerose.org,presidente@famiglienumerose.org
http://www.famiglienumerose.org,redazione@famiglienumerose.org
http://www.famiglienumerose.org,segreteria@famiglienumerose.org
http://www.famiglienumerose.org,ufficio_stampa@famiglienumerose.org
http://www.farelavoro.it/,info@farelavoro.it
http://www.farelavoro.it/,segreteria@farelavoro.it
http://www.faremondi.it/,info@faremondi.it
http://www.faremondi.it/,info@faremondi.itÂ
http://www.fasciaboscata.it,fasciaboscata@iperbole.bologna.it
http://www.fattoriabilita.it,vecchiaorsa@fattoriabilita.it
http://www.federamrare.altervista.org/,info@federamrare.it
http://www.federamrare.altervista.org/,presidenza@federamrare.it
http://www.federamrare.altervista.org/,segreteria@federamrare.it
http://www.federamrare.altervista.org/,ufficiostampa@federamrare.it
http://www.federamrare.altervista.org/,vicepresidenza@federamrare.it
http://www.federbio.it/,c.bastia@federbio.it
http://www.federbio.it/,d.fichera@federbio.it
http://www.federbio.it/,gfpanetta@federbio.it
http://www.federbio.it/,info@federbio.it
http://www.federbio.it/,l.colombo@federbio.it
http://www.federbio.it/,l.pugliese@federbio.it
http://www.federconsumatoribologna.it,info@federconsumatoribologna.it
http://www.federgev.it,info@ggev.it
http://www.ferraramusica.it/,biglietteria@ferraramusica.it
http://www.ferraramusica.it/,ufficiostampa@ferraramusica.it
http://www.fijlkamemiliaromagna.it/,info@fijlkamemiliaromagna.it
http://www.fijlkamemiliaromagna.it/,presidente@fijlkamemiliaromagna.it
http://www.filodarianna.net,info@filodarianna.net
http://www.filodarianna.net,paola.taglioli@filodarianna.net
http://www.fitelemiliaromagna.it/,dalesio@fitelemiliaromagna.it
http://www.fitelemiliaromagna.it/,gardenghi@fitelemiliaromagna.it
http://www.fitelemiliaromagna.it/,info@fitelemiliaromagna.it
http://www.fitelemiliaromagna.it/,presidenza@pec.fitelemiliaromagna.it
http://www.fitelemiliaromagna.it/,segreteria@fitelemiliaromagna.it
http://www.fitelemiliaromagna.it/,tavanti@fitelemiliaromagna.it
http://www.flashgiovani.it,giovani@comune.bologna.it
http://www.flautomagico.it,castelnuovo@flautomagico.it
http://www.flautomagico.it,formigine@flautomagico.it
http://www.flautomagico.it,info@flautomagico.it
http://www.flautomagico.it,maranello@flautomagico.it
http://www.flautomagico.it,modena@flautomagico.it
http://www.focusd.org,contattaci@focusd.org
http://www.focusd.org/,contattaci@focusd.org
http://www.fogolarbologna.it,rosaien@libero.it
http://www.fogolarbologna.it,segreteria@fogolarbologna.it
http://www.fondazionedelmonte.it/,comunicazione@fondazionedelmonte.it
http://www.fondazionedelmonte.it/,cultura@fondazionedelmonte.it
http://www.fondazionedelmonte.it/,progetto.archivi@fondazionedelmonte.it
http://www.fondazionedelmonte.it/,ricerca.scientifica@fondazionedelmonte.it
http://www.fondazionedelmonte.it/,segreteria@fondazionedelmonte.it
http://www.fondazionedelmonte.it/,ufficiostampa@fondazionedelmonte.it
http://www.fondazionegdo.it/,info@fondazionepallavicini.it
http://www.fondazionegolinelli.it/,info@fondazionegolinelli.it
http://www.fondazionegolinelli.it/,info@scienzeinpratica.it
http://www.fondazionegolinelli.it/,info@scuoladelleidee.it
http://www.fondazioneidea.org/,info@fondazioneidea.org
http://www.forma-azioneinrete.it/,info@forma-azioneinrete.it
http://www.fossolo.it/,fossolo@iperbole.bologna.it
http://www.fossolo.it/,info@fossolo.it
http://www.fratellidizampa.it/,info@fratellidizampa.it
http://www.funsci.com/texts/index_it.htm,elettronica.didattica@promo.it
http://www.genitori-ragazzi-down.it,coordinamento.grd@virgilio.it
http://www.genitori-ragazzi-down.it,grazia.minelli@libero.it
http://www.gevbologna.org,bologna@gev.bologna.it
http://www.gevbologna.org,casalecchio@gev.bologna.it
http://www.gevbologna.org,corpo@gev.bologna.it
http://www.gevbologna.org,idice@gev.bologna.it
http://www.gevbologna.org,imola@gev.bologna.it
http://www.gevbologna.org,maddalena.roversi@gev.bologna.it
http://www.gevbologna.org,montagna@gev.bologna.it
http://www.gevbologna.org,sangiovanni@gev.bologna.it
http://www.gevbologna.org/,bologna@gev.bologna.it
http://www.gevbologna.org/,casalecchio@gev.bologna.it
http://www.gevbologna.org/,corpo@gev.bologna.it
http://www.gevbologna.org/,idice@gev.bologna.it
http://www.gevbologna.org/,imola@gev.bologna.it
http://www.gevbologna.org/,maddalena.roversi@gev.bologna.it
http://www.gevbologna.org/,montagna@gev.bologna.it
http://www.gevbologna.org/,sangiovanni@gev.bologna.it
http://www.ghepardcalcio.it/,info@ghepardcalcio.it
http://www.giaccheverdi.it/emiliaromagna/,giaccheverdiemiliaromagna@gmail.com
http://www.gimbeducation.it,info@gimbe.org
http://www.ginnasticarcobaleno.it/,info@ginnasticarcobaleno.it
http://www.ginnasticarcobaleno.it/,webmaster@ginnasticarcobaleno.it
http://www.giovanicreativi108.com,creativi108@libero.it
http://www.giovanicreativi108.com,gohattocontact@libero.it
http://www.giovanicreativi108.com,info@gruppoelettrogeno.org
http://www.giovanicreativi108.com,tpo@mail.com
http://www.giovanirilegatori.it/,info@giovanirilegatori.it
http://www.girorotondo.it/,web@girorotondo.it
http://www.girotondo-online.com,nico978@tiscali.it
http://www.globalaid.it,info@globalaid.it
http://www.gravita-zero.org,redazione@gravita-zero.org
http://www.gravita-zero.org,segreteriapremio@ibimet.cnr.it
http://www.gris-imola.it/,info@gris-imola.it
http://www.gruppoelettrogeno.org,elettrogeno.gruppo@gmail.com
http://www.grupponidiinfanzia.it,segreteria@grupponidiinfanzia.it
http://www.gruppoyoda.org,info@gruppoyoda.org
http://www.gsriale.it/,info@gsriale.it
http://www.gvc-italia.org,gvc@gvc-italia.org
http://www.gvc-italia.org/index.php,gvc@gvc-italia.org
http://www.handimatica.com/,handimatica@asphi.it
http://www.happytrailmtb.it,matteo.cavallina@hotmail.it
http://www.hbologna.net,info@hbologna.net
http://www.humanrightsnights.org,cinema@humanrightsnights.org
http://www.humanrightsnights.org,CinetecaUfficioStampa@cineteca.bologna.it
http://www.humanrightsnights.org,direzioneartistica@humanrightsnights.org
http://www.humanrightsnights.org,info@humanrightsnights.org
http://www.humanrightsnights.org,isabella.malaguti@cineteca.bologna.it
http://www.humanrightsnights.org,organizzazione@humanrightsnights.org
http://www.humanrightsnights.org,webmaster@humanrightsnights.org
http://www.icavallidelrenobologna.it/,ass.ilpaddock@libero.it
http://www.icavallidelrenobologna.it/,info@icavallidelrenobologna.it
http://www.ideafamiglia.it/,info@ideafamiglia.it
http://www.ideavolley.it,info@ideavolley.it
http://www.ideavolley.it,promo@ideavolley.it
http://www.ideavolley.it,ufficio_stampa@ideavolley.it
http://www.iger.org,altichieri@iger.org
http://www.iger.org,archivio@iger.org
http://www.iger.org,biblioteca@iger.org
http://www.iger.org,callari@iger.org
http://www.iger.org,galli@iger.org
http://www.iger.org,granelli@iger.org
http://www.iger.org,manifesti@iger.org
http://www.iger.org,sbiroli@iger.org
http://www.iger.org,segreteria@iger.org
http://www.iger.org,suprani@iger.org
http://www.ilbosco.net/,daniela@ilbosco.net
http://www.ilbosco.net/,ilbosco@ilbosco.net
http://www.ilbosco.net/,infanzia@ilbosco.net
http://www.ilbosco.net/,primaria@ilbosco.net
http://www.ilbosco.net/,secondaria@ilbosco.net
http://www.ilbosco.net/,segreteria@ilbosco.net
http://www.ilbosco.net/,tearosa@ilbosco.net
http://www.ilmartinpescatore.org,info@ilmartinpescatore.org
http://www.ilmosaicocooperativa.com/,coopmosaico@yahoo.com
http://www.ilnido.bo.it,info@ilnido.bo.it
http://www.ilpozzodelleidee.it,Ilpozzodelleidee@libero.it
http://www.ilsorriso-imola.it/,info@ilsorriso-imola.it
http://www.imolabbracciosolidale.it/,info@imolabbracciosolidale.it
http://www.imolafolklore.com,marco.mingotti@gmail.com
http://www.imolafolklore.com,riccardo.franzoni@gmail.com
http://www.in-formazione.org/,info@in-formazione.org
http://www.informagiovani.fe.it,informagiovani@comune.fe.it
http://www.iniziativaeuropea.it,info@iniziativaeuropea.it
http://www.iniziativaeuropea.it,triestealtruista@triestealtruista.org
http://www.iniziativaparkinsoniani.it/,associazione@iniziativaparkinsoniani.it
http://www.insalute.info/,contattaci@insalute.inf
http://www.inventatempo.it/,info@inventatempo.it
http://www.ior.it,info_urp@ior.it
http://www.ior.it,redazioneweb@ior.it
http://www.iperbole.bologna.it,protocollogenerale@pec.comune.bologna.it
http://www.iperput.org/,iperput@libero.it
http://www.iperput.org/,pietro@iperput.org
http://www.iquattrocastelli.it,info@iquattrocastelli.it
http://www.it2.it,info@it2.it
http://www.italia-costarica.org/,info@italia-costarica.org
http://www.italiacheraglia.com,email@italiacheraglia.com
http://www.italianaassistenza.it/,info@italianaassistenza.it
http://www.italobritannica.com,info@italobritannica.com
http://www.italobritannica.com,valeria.sarti@italobritannica.com
http://www.kicece.it/,kicece@kicece.it
http://www.kicece.it/,presidente@kicece.it
http://www.kicece.it/,segretario@kicece.it
http://www.lacaracola.it,info@lacaracola.it
http://www.lacitta-delsole.org,info@lacitta-delsole.org
http://www.lacittaverde.coop/,info@lacittaverde.coo
http://www.lacuccia.bo.it,lallarai@libero.it
http://www.lafraternita.com,arcobaleno@apg23.org
http://www.lafraternita.com,biancospino@apg23.org
http://www.lafraternita.com,bottegadituttiicolori@apg23.org
http://www.lafraternita.com,centroraccolta@apg23.org
http://www.lafraternita.com,germoglio@apg23.org
http://www.lafraternita.com,lab.sanfrancesco@apg23.org
http://www.lafraternita.com,lafraternita.bo.direzione@apg23.org
http://www.lafraternita.com,mosaico@apg23.org
http://www.lafraternita.com,nodo@apg23.org
http://www.lafraternita.com,nuvolettabianca@apg23.org
http://www.lafraternita.com,palestra@apg23.org
http://www.lafraternita.com,pietrascartata@apg23.org
http://www.lafraternita.com,solidalequo@apg23.org
http://www.lafraternita.com,terradincontro@apg23.org
http://www.lafraternita.com,valerio.giorgis@apg23.org
http://www.lafraternita.com,viadelmonteoliveto@apg23.org
http://www.laltrocaffe.it,info@laltrocaffe.it
http://www.lamenteingioco.it/,info@lamenteingioco.it
http://www.lamusicainterna.it,info@lamusicainterna.it
http://www.latino51.it,info@latino51.it
http://www.latino51.it/,info@latino51.it
http://www.lawandliterature.org,cirsfid.lawandliterature@unibo.it
http://www.legaconsumatori.it/home.html,utenza@legaconsumatori.it
http://www.legambientebologna.org/,info@legambientebologna.org
http://www.legambientebologna.org/,pedoni@legambientebologna.org
http://www.leganavale.bo.it,info@leganavale.bo.it
http://www.legatumoribologna.it/,segreteria@legatumoribologna.it
http://www.lequercedi.it,info@lequercedi.it
http://www.levocidellaluna.it,.vociluna@virgilio.it
http://www.levocidellaluna.it,vociluna@virgilio.it
http://www.link.bo.it,admin@link.bo.it
http://www.link.bo.it,info@link.bo.it
http://www.link.bo.it,press1@link.bo.it
http://www.lotonlus.org,comitatoscientifico@lotonlus.org
http://www.lotonlus.org,insieme@lotonlus.org
http://www.lucanibo.it,posta@lucanibo.it
http://www.maneggiocavaioni.com,alberto@maneggiocavaioni.com
http://www.maneggiocavaioni.com,cinzia@maneggiocavaioni.com
http://www.maneggiocavaioni.com,info@maneggiocavaioni.com
http://www.marconifilatelico.it,panda@salviamoilpanda.it
http://www.marconifilatelico.it,stefano.francia@alice.it
http://www.marieleventre.it/,concorso@marieleventre.it
http://www.marieleventre.it/,fondazione@marieleventre.it
http://www.marzabotto2000.com/,marzabotto2000@libero.it
http://www.mediazionefamiliare-cedim.it/,presidente@mediazionefamiliare-cedim.it
http://www.mediconadir.it,mediconadir@gmail.com
http://www.microimpresa.org/,info@microimpresa.org
http://www.migrazioni.eu/,contatti@migrazioni.eu
http://www.millearpeggi.it/,info@millearpeggi.it
http://www.mondodonna-onlus.it,info@mondodonna-onlus.it
http://www.montagnolabologna.it/,info@montagnolabologna.it
http://www.musicaindozza.it,associazionemusicaledozzese@gmail.com
http://www.nexusemiliaromagna.org,er_nexus@er.cgil.it
http://www.nexusemiliaromagna.org,nexusemiliaromagna@pec.it
http://www.noemacongressi.it,info@noemacongressi.it
http://www.noprofit.org,noprofit@noprofit.org
http://www.nuovamente.org,ass.nuovamente@libero.it
http://www.nuovamente.org,corsi.nuovamente@libero.it
http://www.oaser.it,amministrazione@oaser.it
http://www.oaser.it,ordineassistentisocialiemiliaromagna@pec.it
http://www.oaser.it,segreteria@oaser.it
http://www.oltremodo.eu/,info@oltremodo.eu
http://www.onefamilygroup.eu,qualita@onefamilygroup.eu
http://www.opengroup.eu/,amministrazione@opengroup.eu
http://www.opengroup.eu/,segreteria@opengroup.eu
http://www.operapadremarella.it/,amministrazione@operapadremarella.it
http://www.opimm.it/,opimm@opimm.it
http://www.organiantichi.org/,segreteria@organiantichi.org
http://www.orsaminore.org,Massimo.Cardaci_TOGLIMI_@gmail.com
http://www.pacb.it,info@pacb.it
http://www.padri.it/,adinaxaps@libero.it
http://www.panicarte.com,info@panicarte.com
http://www.panicarte.com,organizzazione@pec.panicarte.com
http://www.parrocchiadizolino.it,redazione@parrocchiadizolino.it
http://www.patbologna.it/,info@patbologna.it
http://www.patronato.acli.it/sedi.asp?azione=vediSede&idSede=637,emiliaromagna@patronato.acli.it
http://www.pattugliecittadine.it/,segreteria@pattugliecittadine.it
http://www.peacegamesuisp.org/,comunicazione@peacegamesuisp.org
http://www.percorsimentecorpo.vpsite.it,rosanna.poluzzi@libero.it
http://www.perluca.it/,info@perluca.it
http://www.perluca.it/,privacy@perluca.it
http://www.perluca.it/,segreteria@perluca.it
http://www.pgsima.it,info@pgsima.it
http://www.piazzagrande.it/,bicicentro@piazzagrande.it
http://www.piazzagrande.it/,bologna@avvocatodistrada.it
http://www.piazzagrande.it/,info@fraternalcompagnia.it
http://www.piazzagrande.it/,info@piazzagrande.it
http://www.piazzagrande.it/,redazione@piazzagrande.it
http://www.piazzagrande.it/,sms@piazzagrande.it
http://www.piazzagrande.it/,volontari@piazzagrande.it
http://www.planimetrieculturali.org,info@planimetrieculturali.org
http://www.polisportivapaolopoggi.it,poggiaics@libero.it
http://www.polisportivazola.it/,polisportivazola@alice.it
http://www.pontevecchiobologna.it/,info@pontevecchiobologna.it
http://www.porrettacinema.com,info@porrettacinema.com
http://www.porrettacinema.com,ufficiostampa@porrettacinema.com
http://www.porrettacinema.com,webmaster@porrettacinema.com
http://www.postfiera.org/,info@postfiera.org
http://www.poverivergognosi.it/,asp@pec.poverivergognosi.it
http://www.poverivergognosi.it/,info@poverivergognosi.it
http://www.preludio.org,info@preludio.org
http://www.preludio.org,preludio@iperbole.bologna.it
http://www.preludio.org,segreteria@preludio.org
http://www.presidentbologna.it,segreteria@presidentbologna.it
http://www.prestitoinpdap.org/inpdap-bologna.php,direzione.provinciale.bologna@postacert.inps.gov.it
http://www.privatassistenza.it/bologna/centro-bologna/,info@privatassistenza.it
http://www.progressocalcio.it,info@progressocalcio.it
http://www.progressocalcio.it,progressofuorigioco@gmail.com
http://www.prolocozola.it,info@prolocozola.it
http://www.prolocozzano.it,info@prolocozzano.it
http://www.pronaturabologna.org,bologna@pro-natura.it
http://www.pronaturabologna.org,contatti@pronaturabologna.org
http://www.pronaturabologna.org,pronaturaimola@email.it
http://www.protezionecivile.bo.it,segreteria@protezionecivile.bo.it
http://www.protezionecivile.gov.it,magazine@protezionecivile.it
http://www.protezionecivile.gov.it,protezionecivile@pec.governo.it
http://www.provincia.ra.it,provra@cert.provincia.ra.it
http://www.provincia.ra.it,urp@mail.provincia.ra.it
http://www.provincia.re.it,info@provincia.re.it
http://www.psicologiadellenarrazioni.it,balsamobeatrice@gmail.com
http://www.psicopopoli-er.it,psicopopoli.er@gmail.com
http://www.psy-care.org/,info@psy-care.org
http://www.puntoequo.org,info@puntoequo.org
http://www.radioimmaginaria.it,radioimmaginaria@gmail.com
http://www.radioimmaginaria.it,redazione.radioimmaginaria@gmail.com
http://www.raggiungere.it/,info@raggiungere.it
http://www.ramazzini.org/,belpoggif@ramazzini.it
http://www.ramazzini.org/,crccm@pec.ramazzini.it
http://www.ramazzini.org/,events@ramazzini.it
http://www.ramazzini.org/,info@pec.ramazzini.it
http://www.ramazzini.org/,info@ramazzini.it
http://www.ramazzini.org/,lauriolam@glplifetest.org
http://www.ramazzini.org/,pisanop@ramazzini.it
http://www.ramazzini.org/,poliambulatorio@ramazzini.it
http://www.ramazzini.org/,segreteria.crc@ramazzini.it
http://www.rangersbologna.it/,antal.pallavicini@tin.it
http://www.rangersbologna.it/,info@rangersbologna.it
http://www.rangersbologna.it/,segreteria@antalpallavicini.org
http://www.regione.emilia-romagna.it,er@regione.emilia-romagna.it
http://www.regione.emilia-romagna.it,urp@postacert.regione.emilia-romagna.it
http://www.regione.emilia-romagna.it,urp@regione.emilia-romagna.it
http://www.remidabologna.it,amministrazionefunamboli@remidabologna.it
http://www.remidabologna.it,amministrazionefunamboli@remidabologna.itÂ
http://www.remidabologna.it,aziende@remidabologna.it
http://www.remidabologna.it,info@remidabologna.it
http://www.remidabologna.it,info@remidabologna.itÂ
http://www.remidabologna.it,prenotazioni@remidabologna.it
http://www.residenzefemminilibologna.it/,amministrazione@pisp.it
http://www.residenzefemminilibologna.it/,direzione@pisp.it
http://www.retemalattierare.it,ricercacontatti@retemalattierare.it
http://www.retinitepigmentosa.it/,bologna@retinitepigmentosa.it
http://www.retinitepigmentosa.it/,ufficiostampa@agendanet.it
http://www.rivistadipsichiatria.it,info@rivistadipsichiatria.it
http://www.romilia.it,info@romilia.it
http://www.romilia.it,webmaster@romilia.it
http://www.saltinbanco.it,manifatturasaltinbanco@gmail.com
http://www.salusbasket.it,info@salusbasket.it
http://www.salusbasket.it,segreteria@salusbasket.it
http://www.saluter.it,urp@postacert.regione.emilia-romagna.it
http://www.saluter.it,urp@regione.emilia-romagna.it
http://www.sanlazzarosociale.it,comune.sanlazzaro@cert.provincia.bo.it
http://www.sannacaterina.net/,sannacaterina@pec.ascom.bo.it
http://www.sassomarconibaseball.it/,sassomarconibaseball@virgilio.it
http://www.sav.bologna.it/,info@sav.bologna.it
http://www.savenasettasambro.com,redazione@savenasettasambro.com
http://www.savethechildren.it,Alessandra.tutino@savethechildren.org
http://www.savethechildren.it,federica.testorio@savethechildren.org
http://www.schermaimola.it,info@schermaimola.it
http://www.schermaimola.it,media@schermaimola.it
http://www.schermaimola.it,paolalilloni@virgilio.it
http://www.scoutlamura.it,iscrizioni@scoutlamura.it
http://www.sdseducational.org,info@sdseducational.org
http://www.seacoop.coop,info.seacoop@legalmail.it
http://www.seacoop.coop,seacoop@seacoop.coo
http://www.selenecentrostudi.it,segreteria@selenecentrostudi.it
http://www.senzaconfinitaly.com,info@senzaconfinitaly.com
http://www.senzailbanco.it/Cooperativa%20Senza%20Il%20Banco/CoopSenzailBancoHome.html,senzailbanco@gmail.com
http://www.settimadiminuita.it,info@settimadiminuita.it
http://www.siamotuttipedoni.it,info@centroantartide.it
http://www.sindromedipoland.org/,info@sindromedipoland.org
http://www.sindromedipoland.org/,segreteria@sindromedipoland.org
http://www.sindromedipoland.org/,webmaster@sindromedipoland.org
http://www.slowfoodbologna.it/,giorgio.pirazzoli@slowfoodbologna.it
http://www.slowfoodbologna.it/,mercatodellaterra@slowfoodbologna.it
http://www.slowfoodbologna.it/,roberto.ferranti@slowfoodbologna.it
http://www.societartigiana.it/,sms.artigiana@libero.it
http://www.socrem.bologna.it/,info@socrem.bologna.it
http://www.socrem.bologna.it/,presidente@socrem.bologna.it
http://www.socrem.bologna.it/,staff@socrem.bologna.it
http://www.solcoimola.it/,solco@solcoimola.it
http://www.spaziolabo.it,info@spaziolabo.it
http://www.spaziolabo.it,scuola@spaziolabo.it
http://www.spmii.it/,segreteria@spmii.it
http://www.sportexperience.it/homew.asp,info@sportexperience.it
http://www.stellanostra.com,classtudi@yahoo.fr
http://www.stellanostra.com/,classtudi@yahoo.fr
http://www.studiosoundlab.com,claudiarosati92@hotmail.it
http://www.studiosoundlab.com,fonofabrique@studiosoundlab.com
http://www.studiosoundlab.com,info@studiosoundlab.com
http://www.studiosoundlab.com,rec@studiosoundlab.com
http://www.studiosoundlab.com,studio@studiosoundlab.com
http://www.succedesoloabologna.it,info@succedesoloabologna.it
http://www.superbass.it/,superbass@superbass.it
http://www.tavoladelledonne.com,info@tavoladelledonne.com
http://www.tavoladelledonne.com,stalkingstop.bologna@yahoo.it
http://www.teatronecessario.it/,daisy@teatronecessario.it
http://www.teatronecessario.it/,info@teatronecessario.it
http://www.teatronucleo.org,amministrazione@teatronucleo.org
http://www.teatronucleo.org,cett@teatronucleo.org
http://www.teatronucleo.org,info@teatronucleo.org
http://www.teatronucleo.org,organizzazione@teatronucleo.org
http://www.tossignano.it,proloco@tossignano.it
http://www.tramaditerre.org,centrointerculturaledelledonne@tramaditerre.org
http://www.tramaditerre.org,info@tramaditerre.org
http://www.tutelanimalibologna.it,tutanibo@virgilio.it
http://www.tuttinsieme.org,webmaster@tuttinsieme.org
http://www.uicbologna.it/,presidente@uicibo.com
http://www.uicbologna.it/,segretario@uicibo.com
http://www.uicbologna.it/,uicbo@uiciechi.it
http://www.uicbologna.it/,uicbologna@pec.it
http://www.uisp.it,uisp@uisp.it
http://www.uispbologna.it,amministrazione@uispbologna.it
http://www.uispbologna.it,comunicazione@uispbologna.it
http://www.uispbologna.it,tesseramento@uispbologna.it
http://www.uispbologna.it,uispbologna@pcert.postecert.it
http://www.uispbologna.it,uispbologna@uispbologna.it
http://www.uispbologna.it,webmaster@uispbologna.it
http://www.unasam.it/,521268unasam@unasam.it
http://www.universointerculturale.it,info.universo@yahoo.it
http://www.unms.it/,bologna@unms.it
http://www.up.aci.it/bologna/,assistenza.bollo.bologna@aci.it
http://www.up.aci.it/bologna/,Direzione.Territoriale.Aci.Bologna@aci.it
http://www.up.aci.it/bologna/,ufficioprovincialebologna@pec.aci.it
http://www.up.aci.it/bologna/,urpbologna@aci.it
http://www.upcm.it/,parrocchia@bondanello.191.it
http://www.upcm.it/,zonapastorale@fastwebnet.it
http://www.urca.it/consiglio-provinciale-bologna/,presidentebologna@urca.it
http://www.usap.it/,usap@usap.it
http://www.venenta.com/,info@venenta.com
http://www.viadepoeti.it,alfredo.stori@libero.it
http://www.viadepoeti.it,ccpp1961@libero.it
http://www.viadepoeti.it,dissonanzeridondanti@gmail.com
http://www.viadepoeti.it,lupoangel@fastwebnet.it
http://www.viadepoeti.it,michela.martelli@fastwebnet.it
http://www.viadepoeti.it,piol191@tiscali.it
http://www.videsitalia.it,areaprogetti@videsitalia.it
http://www.videsitalia.it,contabilita@videsitalia.it
http://www.videsitalia.it,coordinamento@videsitalia.it
http://www.videsitalia.it,formazione@videsitalia.it
http://www.videsitalia.it,giovannamontagnoli@videsitalia.it
http://www.videsitalia.it,sad@videsitalia.it
http://www.videsitalia.it,segreteria@videsitalia.it
http://www.videsitalia.it,serviziocivile@videsitalia.it
http://www.videsitalia.it,solidarieta@videsitalia.it
http://www.videsitalia.it,ufficiostampa@videsitalia.it
http://www.videsitalia.it,videsitalia@videsitalia.it
http://www.villadallolio.it,csvilladallolio@tiscali.it
http://www.villagetennisclub.it,info@villagetennisclub.it
http://www.villanovavolley.com/,villanova@villanovavolley.com
http://www.visibilia.org/,centrosocialevillatorchi@alice.it
http://www.visibilia.org/,info@visibilia.org
http://www.viveresenzastomaco.org,info@viveresenzastomaco.org
http://www.volabo.it,info@volabo.it
http://www.volabo.it/,info@volabo.it
http://www.volontariminerva.it,info@volontariminerva.it
http://www.wehelpyou.it/,info@wehelpyou.it
http://www.worlddiving.it,info@quoll.it
http://www.worlddiving.it,info@wolrddiving.it
http://www.worlddiving.it,info@worlddiving.it
http://www.xing.it,info@xing.it
http://www.xing.it,pressoff@xing.it
http://www.yfcitalia.org/,andreacrocivera@yfcitalia.org
http://www.yfcitalia.org/,info@yfcitalia.org
http://www.yfcitalia.org/,paoloborroni@yfcitalia.org
http://www.you-net.eu,evs@you-net.eu
http://www.you-net.eu,info@you-net.eu
http://www.you-net.eu,puglia@you-net.eu
http://www.you-net.eu,sicillia@you-net.eu
http://www.you-net.eu,sportelloeuropedirect@comune.bologna.it
http://www.youkali.it,info@youkali.it
http://www.zerocento.coop/,comunicazione@zerocento.coo
http://www.zerocento.coop/,ufficiolugo@zerocento.coo
http://www.zerocento.coop/,ufficioravenna@zerocento.coo
http://www.zerocento.coop/,zerocento@zerocento.coo
http://www.zerocento.coop/,zerocentocoopsociale@legalmail.it
https://circoloravone.wordpress.com,circolo.ravone@ausl.bologna.it
https://ilprogettoalice.wordpress.com/,ilprogettoalice@gmail.com
https://isfbologna.wordpress.com/,isfbo.acqua@gmail.com
https://isfbologna.wordpress.com/,isfbo.biomedica@gmail.com
https://isfbologna.wordpress.com/,isfbo.energia@gmail.com
https://isfbologna.wordpress.com/,isfbo.info@gmail.com
https://isfbologna.wordpress.com/,isfbo.informatica@gmail.com
https://isfbologna.wordpress.com/,stefano.zanna@yahoo.it
https://poggeschiperilcarcere.wordpress.com/,infocarcere@centropoggeschi.org
https://sites.google.com/site/acuemiliaromagna3/,acu@acuemiliaromagna.it
